Name,CMP,ATH%,PE,EPS,PB,MCap,ROCE%,ROE%,MedPE,ROCE_5Yr%,ROE_5Yr%,Debt2EqR,SalesVar_5Yrs%,ProfitVar_5Yr%,OPM%,PAT_Qtr,CapType,Symbol
https://www.screener.in/company/RELIANCE/consolidated/,2956.4,8.85,29.1,101.61,2.52,2000245.18,9.61,9.25,25.9,9.01,8.73,0.58,9.61,11.98,17.61,15138.0,LC,RELIANCE
https://www.screener.in/company/TCS/consolidated/,4416.05,0.34,33.57,129.2,17.66,1597765.54,64.28,51.51,30.47,54.63,43.77,0.09,10.46,8.21,27.02,12040.0,LC,TCS
https://www.screener.in/company/HDFCBANK/consolidated/,1632.1,9.92,18.24,89.75,2.72,1243251.09,7.67,17.14,21.02,6.67,16.85,6.81,21.95,23.42,33.6,16474.85,LC,HDFCBANK
https://www.screener.in/company/BHARTIARTL/consolidated/,1483.55,3.74,74.29,17.7,10.23,887238.44,13.13,14.93,63.58,9.59,12.36,2.63,13.17,122.47,51.9,3652.45,LC,BHARTIARTL
https://www.screener.in/company/ICICIBANK/consolidated/,1187.25,5.94,18.44,64.56,3.25,835622.95,7.6,18.8,22.32,6.2,15.23,6.45,17.25,59.73,34.44,11695.84,LC,ICICIBANK
https://www.screener.in/company/INFY/consolidated/,1858.95,5.11,28.96,64.21,9.29,771841.33,39.99,31.83,26.91,36.98,29.19,0.1,13.2,11.24,23.73,6368.0,LC,INFY
https://www.screener.in/company/SBIN/consolidated/,812.1,12.31,9.94,76.05,1.75,724767.74,6.16,17.34,11.79,5.06,13.0,13.51,11.63,98.73,47.05,19324.96,LC,SBIN
https://www.screener.in/company/LICI/consolidated/,1057.3,15.58,16.01,66.13,8.08,668742.01,72.95,63.45,15.4,72.54,80.87,0.0,8.16,73.17,3.2,10527.0,LC,LICI
https://www.screener.in/company/HINDUNILVR/consolidated/,2748.25,4.04,62.48,43.98,12.61,645726.42,27.24,20.24,64.03,46.69,24.03,0.03,9.5,10.6,23.73,2645.5,LC,HINDUNILVR
https://www.screener.in/company/ITC/consolidated/,502.65,1.59,30.73,16.38,8.42,628524.14,37.47,28.43,21.74,34.15,25.74,0.0,7.95,10.05,36.49,5093.82,LC,ITC
https://www.screener.in/company/LT/consolidated/,3568.35,10.66,36.91,97.13,5.68,490593.92,13.44,14.68,28.52,11.57,14.08,1.35,10.34,8.16,13.11,2785.72,LC,LT
https://www.screener.in/company/HCLTECH/consolidated/,1668.25,1.74,27.56,60.53,6.63,452707.18,29.6,23.3,20.77,27.22,22.36,0.08,12.71,9.28,22.05,4257.0,LC,HCLTECH
https://www.screener.in/company/SUNPHARMA/consolidated/,1742.75,0.9,39.66,43.3,6.57,418144.1,17.32,16.69,29.64,14.8,13.79,0.05,10.78,23.38,27.03,2835.62,LC,SUNPHARMA
https://www.screener.in/company/ONGC/consolidated/,329.6,4.67,9.1,35.37,1.23,414646.0,18.44,16.28,5.55,13.56,13.36,0.45,8.81,9.86,14.52,9936.45,LC,ONGC
https://www.screener.in/company/BAJFINANCE/consolidated/,6590.9,24.29,27.33,242.47,5.34,407974.28,11.93,22.12,44.45,11.06,19.83,3.84,24.35,29.35,70.06,3911.98,LC,BAJFINANCE
https://www.screener.in/company/TATAMOTORS/consolidated/,1098.35,7.35,11.87,101.59,4.3,403224.39,20.11,49.44,18.59,6.64,5.84,1.26,7.72,93.11,14.0,5539.02,LC,TATAMOTORS
https://www.screener.in/company/NTPC/consolidated/,398.05,7.11,18.03,22.08,2.4,385975.8,10.47,13.62,8.65,9.51,12.4,1.48,12.22,6.85,27.97,5474.14,LC,NTPC
https://www.screener.in/company/MARUTI/consolidated/,12213.3,12.01,26.11,472.62,4.48,383989.3,21.82,16.84,39.25,12.64,10.79,0.0,10.51,17.71,13.84,3759.7,LC,MARUTI
https://www.screener.in/company/AXISBANK/consolidated/,1166.85,14.81,13.5,86.63,2.29,360743.16,7.06,18.4,19.47,5.47,10.97,8.25,15.01,39.18,62.96,6436.43,LC,AXISBANK
https://www.screener.in/company/ADANIENT/consolidated/,3108.8,34.78,85.29,35.27,9.07,354403.55,9.87,9.73,104.56,8.58,7.64,1.67,19.02,42.77,12.28,1457.59,LC,ADANIENT
https://www.screener.in/company/KOTAKBANK/consolidated/,1777.3,26.77,18.95,108.22,2.72,353318.58,7.86,15.06,29.08,6.97,14.06,4.0,13.52,20.42,15.88,4579.66,LC,KOTAKBANK
https://www.screener.in/company/M&M/consolidated/,2840.45,6.11,31.99,88.8,5.34,353218.15,13.58,18.39,21.37,10.36,11.8,1.64,5.84,16.8,18.12,3282.63,LC,M&M
https://www.screener.in/company/DMART/consolidated/,5021.3,17.5,123.28,40.74,17.48,326752.6,19.41,14.48,122.95,17.66,13.46,0.03,20.48,22.98,8.1,773.68,LC,DMART
https://www.screener.in/company/ULTRACEMCO/consolidated/,11295.7,6.93,46.35,242.93,5.41,326103.83,15.12,12.19,33.53,13.76,12.94,0.19,11.33,23.87,18.19,1669.5,LC,ULTRACEMCO
https://www.screener.in/company/ADANIPORTS/consolidated/,1493.45,8.57,32.34,42.17,6.11,322605.95,12.93,18.06,27.15,11.77,16.07,0.94,19.58,17.0,59.22,3231.29,LC,ADANIPORTS
https://www.screener.in/company/HAL/,4769.8,18.98,38.82,122.86,10.98,318992.3,38.88,28.89,13.34,29.97,26.64,0.0,8.71,26.47,31.98,1435.59,LC,HAL
https://www.screener.in/company/COALINDIA/consolidated/,512.3,5.85,8.65,59.34,3.82,315716.57,63.59,52.04,6.42,62.51,50.97,0.08,7.4,16.42,32.8,10943.55,LC,COALINDIA
https://www.screener.in/company/POWERGRID/consolidated/,338.6,7.06,20.06,16.88,3.61,314918.45,13.21,19.0,10.23,11.98,18.59,1.42,5.51,8.48,85.91,3723.92,LC,POWERGRID
https://www.screener.in/company/TITAN/consolidated/,3444.75,12.84,88.54,38.91,32.56,305820.14,22.7,32.91,87.78,21.27,26.52,1.65,20.9,20.23,10.32,715.0,LC,TITAN
https://www.screener.in/company/ASIANPAINT/consolidated/,3048.15,17.78,57.56,52.96,15.61,292377.87,37.5,31.44,76.86,33.42,27.67,0.13,13.03,20.52,20.29,1169.98,LC,ASIANPAINT
https://www.screener.in/company/ADANIGREEN/consolidated/,1831.0,66.58,215.37,7.73,38.69,290036.35,9.81,17.07,567.97,8.6,16.37,8.65,34.98,36.08,77.19,469.82,LC,ADANIGREEN
https://www.screener.in/company/BAJAJ-AUTO/consolidated/,9888.15,1.52,34.48,284.77,9.53,276057.13,33.53,26.48,19.79,27.7,21.81,0.07,8.13,10.67,19.79,1941.79,LC,BAJAJ-AUTO
https://www.screener.in/company/WIPRO/consolidated/,516.25,43.31,24.16,21.39,3.62,270023.24,16.93,14.31,19.85,19.49,17.25,0.22,8.75,3.88,19.01,3003.2,LC,WIPRO
https://www.screener.in/company/ADANIPOWER/consolidated/,697.4,28.58,16.83,41.44,6.23,268982.92,32.25,57.06,14.44,16.57,39.21,0.8,16.09,88.46,38.42,3912.79,LC,ADANIPOWER
https://www.screener.in/company/SIEMENS/,7188.7,10.93,105.59,68.08,18.41,256004.17,20.66,15.36,78.39,16.19,12.35,0.01,7.14,16.18,12.82,530.6,LC,SIEMENS
https://www.screener.in/company/BAJAJFINSV/consolidated/,1549.9,24.69,29.66,52.28,4.1,247466.66,11.72,15.28,38.57,10.98,13.77,4.79,20.97,20.42,36.38,2137.7,LC,BAJAJFINSV
https://www.screener.in/company/NESTLEIND/,2525.45,9.71,75.22,33.65,72.88,243493.07,169.08,135.33,79.65,138.56,106.76,0.1,16.65,19.55,24.26,746.6,LC,NESTLEIND
https://www.screener.in/company/IOC/consolidated/,167.17,17.72,7.66,21.83,1.29,236064.74,21.14,25.66,5.72,12.91,16.29,0.72,8.01,19.14,8.01,3528.49,LC,IOC
https://www.screener.in/company/IRFC/,178.77,28.13,36.26,4.93,4.6,233625.68,5.73,13.66,6.38,5.38,13.9,8.02,19.07,23.25,99.49,1576.83,LC,IRFC
https://www.screener.in/company/ZOMATO/consolidated/,264.43,5.4,387.73,0.69,11.43,233411.97,1.14,1.12,484.87,-32.89,-9.51,0.04,55.97,16.04,1.92,253.0,LC,ZOMATO
https://www.screener.in/company/TRENT/consolidated/,6502.4,0.73,184.52,47.99,56.83,231152.17,23.79,27.16,179.37,12.63,9.46,0.43,36.3,56.5,15.65,391.21,LC,TRENT
https://www.screener.in/company/JSWSTEEL/consolidated/,908.45,5.61,31.9,29.93,2.86,222157.27,13.3,11.79,20.14,14.97,16.83,1.13,15.6,2.36,15.11,845.0,LC,JSWSTEEL
https://www.screener.in/company/BEL/consolidated/,303.3,12.27,52.33,5.8,13.58,221705.59,34.61,26.27,22.52,29.03,22.08,0.0,10.75,16.02,25.37,791.0,LC,BEL
https://www.screener.in/company/HINDZINC/,519.9,55.36,26.87,19.35,14.42,219674.33,46.25,55.19,14.26,36.39,29.27,0.57,6.5,0.24,47.89,2358.0,LC,HINDZINC
https://www.screener.in/company/DLF/consolidated/,866.9,41.31,75.5,11.5,5.44,214584.77,5.74,6.95,54.57,4.64,4.27,0.12,-5.14,16.61,30.73,644.67,LC,DLF
https://www.screener.in/company/JIOFIN/consolidated/,328.15,20.28,131.51,2.5,1.5,208483.02,1.55,1.27,139.08,1.55,,0.0,,,82.17,312.63,LC,JIOFIN
https://www.screener.in/company/TATASTEEL/consolidated/,149.52,23.46,115.7,-3.39,2.03,186653.7,7.02,6.55,7.43,13.79,13.81,0.95,7.77,-5.83,10.62,1056.9,LC,TATASTEEL
https://www.screener.in/company/VBL/consolidated/,1421.85,20.06,76.26,18.65,21.54,184762.07,28.82,35.2,61.88,20.31,25.44,0.79,25.73,47.29,23.7,1252.6,LC,VBL
https://www.screener.in/company/GRASIM/consolidated/,2600.35,10.67,32.14,78.5,1.93,174868.73,9.3,6.9,17.12,9.17,8.45,1.55,11.15,18.03,20.59,1194.74,LC,GRASIM
https://www.screener.in/company/SBILIFE/,1688.9,6.05,83.24,20.29,10.86,169156.32,13.23,11.96,73.79,16.44,13.94,0.0,24.23,5.94,0.41,519.52,LC,SBILIFE
https://www.screener.in/company/VEDL/consolidated/,429.05,18.13,26.72,14.0,5.19,167775.2,20.91,10.49,7.26,19.39,22.38,2.85,9.32,-11.9,26.57,3606.0,LC,VEDL
https://www.screener.in/company/ABB/,7911.2,16.29,104.16,75.71,26.43,167644.95,30.69,22.92,101.49,18.23,14.06,0.01,9.32,19.98,17.17,442.63,LC,ABB
https://www.screener.in/company/PFC/consolidated/,504.25,15.09,8.03,62.81,1.65,166407.63,9.85,21.33,3.0,9.18,20.15,8.52,11.08,14.78,100.04,5543.14,LC,PFC
https://www.screener.in/company/INDIGO/,4277.7,7.77,21.16,202.27,85.46,165191.06,24.53,,24.71,1.82,,26.54,19.31,101.74,22.94,2726.7,LC,INDIGO
https://www.screener.in/company/LTIM/consolidated/,5563.75,36.51,36.1,154.18,8.23,164783.31,31.17,25.03,32.02,37.91,29.25,0.1,30.33,24.77,17.68,1133.8,LC,LTIM
https://www.screener.in/company/AMBUJACEM/consolidated/,640.5,10.37,49.61,15.56,3.64,157763.06,14.05,10.34,25.28,14.5,10.48,0.02,4.95,8.46,18.35,646.31,LC,AMBUJACEM
https://www.screener.in/company/PIDILITIND/consolidated/,3057.35,7.25,82.82,35.95,18.5,155499.68,29.74,22.82,90.49,28.01,21.9,0.05,11.84,13.68,22.46,566.92,LC,PIDILITIND
https://www.screener.in/company/TECHM/consolidated/,1585.3,15.94,61.6,25.77,5.81,155030.76,11.88,8.63,22.55,20.89,16.8,0.1,8.4,-11.24,9.11,851.5,LC,TECHM
https://www.screener.in/company/GAIL/consolidated/,232.55,5.93,13.55,17.17,1.99,152903.94,14.66,13.97,7.88,16.33,14.78,0.28,11.83,8.14,12.15,3182.93,LC,GAIL
https://www.screener.in/company/RECLTD/consolidated/,579.65,12.83,10.43,55.59,2.09,152634.83,10.05,22.2,3.73,9.25,20.24,6.41,13.34,19.77,99.92,3460.19,LC,RECLTD
https://www.screener.in/company/HDFCLIFE/consolidated/,689.4,12.51,90.62,7.61,9.66,148288.52,6.61,11.38,90.36,14.33,12.78,0.06,21.17,5.92,0.42,478.97,LC,HDFCLIFE
https://www.screener.in/company/BPCL/consolidated/,332.5,7.98,7.4,43.92,1.91,144255.31,32.09,41.9,8.69,16.21,23.03,0.72,8.48,28.24,7.52,2945.19,LC,BPCL
https://www.screener.in/company/GODREJCP/consolidated/,1405.05,8.54,81.91,-4.19,11.41,143711.37,19.02,-56.02,51.3,18.53,-1.1,0.26,6.45,,21.64,464.9,LC,GODREJCP
https://www.screener.in/company/HINDALCO/consolidated/,634.15,12.79,13.0,47.95,1.34,142507.24,11.29,10.15,11.02,11.44,10.87,0.53,10.59,14.48,11.66,3283.25,LC,HINDALCO
https://www.screener.in/company/BRITANNIA/consolidated/,5729.65,4.86,62.62,90.83,35.01,138009.1,48.92,57.14,55.34,44.18,49.27,0.52,8.69,13.09,18.98,523.03,LC,BRITANNIA
https://www.screener.in/company/TATAPOWER/consolidated/,413.65,13.86,35.99,11.56,4.09,132175.22,11.13,11.28,27.23,9.46,8.64,1.66,15.51,74.21,16.62,970.91,LC,TATAPOWER
https://www.screener.in/company/EICHERMOT/consolidated/,4818.0,5.0,31.55,152.8,7.31,132018.27,31.14,24.23,36.98,23.59,18.84,0.02,11.04,12.68,26.39,1101.46,LC,EICHERMOT
https://www.screener.in/company/ADANIENSOL/consolidated/,1085.3,290.54,120.16,1.24,9.58,130375.21,9.0,8.59,95.66,10.19,11.01,2.93,17.85,13.38,32.95,122.76,LC,ADANIENSOL
https://www.screener.in/company/LODHA/consolidated/,1296.2,27.29,66.92,18.78,7.38,128971.07,11.06,10.74,47.73,8.69,10.66,0.44,-2.83,-0.21,26.77,475.3,LC,LODHA
https://www.screener.in/company/CIPLA/consolidated/,1576.1,1.94,28.71,53.3,4.76,127278.44,22.8,16.79,29.43,17.4,13.5,0.02,9.51,25.12,24.92,1175.46,LC,CIPLA
https://www.screener.in/company/BANKBARODA/consolidated/,243.45,23.11,6.61,36.82,1.05,125896.81,6.33,16.69,9.53,4.97,9.87,12.14,17.48,76.82,62.21,4727.81,LC,BANKBARODA
https://www.screener.in/company/MOTHERSON/consolidated/,185.68,12.51,39.52,4.59,4.81,125824.59,13.68,11.8,43.94,9.12,8.83,0.76,9.21,12.26,9.44,994.17,LC,MOTHERSON
https://www.screener.in/company/PNB/consolidated/,113.04,147.68,10.6,10.66,1.13,124468.52,5.46,8.54,16.63,4.71,4.44,13.15,15.9,24.17,66.22,3975.86,LC,PNB
https://www.screener.in/company/TVSMOTOR/consolidated/,2600.25,2.21,72.12,36.06,18.21,123537.88,14.68,26.55,45.49,12.47,22.36,3.83,14.19,18.25,14.18,460.88,LC,TVSMOTOR
https://www.screener.in/company/DIVISLAB/consolidated/,4633.9,17.07,73.49,63.06,9.06,123015.49,16.48,12.17,51.43,25.51,18.91,0.0,9.66,3.45,28.36,430.0,LC,DIVISLAB
https://www.screener.in/company/ZYDUSLIFE/consolidated/,1187.55,11.52,28.67,41.57,6.03,119495.32,22.34,20.67,23.02,15.2,19.79,0.04,8.23,16.56,28.93,1419.9,LC,ZYDUSLIFE
https://www.screener.in/company/RVNL/,570.65,13.38,88.32,6.46,15.12,118981.67,18.7,20.39,7.07,16.62,20.27,0.77,16.65,19.64,5.77,217.8,LC,RVNL
https://www.screener.in/company/HAVELLS/consolidated/,1876.45,5.87,84.56,22.2,15.79,117638.23,24.4,17.95,68.78,25.12,18.93,0.04,13.04,9.82,10.29,407.51,LC,HAVELLS
https://www.screener.in/company/TATACONSUM/consolidated/,1187.75,5.58,88.52,11.52,7.32,117525.76,10.65,8.32,71.2,9.2,6.83,0.22,15.96,26.95,15.21,301.25,LC,TATACONSUM
https://www.screener.in/company/JSWENERGY/consolidated/,665.05,13.13,59.65,11.7,5.25,116235.34,8.59,8.4,24.84,9.27,8.2,1.52,4.68,19.8,48.76,521.76,LC,JSWENERGY
https://www.screener.in/company/IOB/,60.89,275.92,41.28,1.47,4.12,115096.79,5.41,9.98,30.37,4.13,-1.2,11.32,6.41,21.9,51.55,632.81,LC,IOB
https://www.screener.in/company/CHOLAFIN/consolidated/,1369.15,7.88,31.46,43.74,5.87,115041.62,10.41,20.16,27.54,9.9,19.03,6.86,21.94,23.38,71.51,947.15,LC,CHOLAFIN
https://www.screener.in/company/DRREDDY/consolidated/,6793.6,3.57,20.37,333.63,4.01,113337.43,26.53,21.39,24.56,18.8,16.73,0.07,12.64,24.41,27.61,1392.4,LC,DRREDDY
https://www.screener.in/company/TORNTPHARM/consolidated/,3348.2,1.39,67.72,51.27,16.53,113313.21,23.16,24.23,41.77,18.88,21.39,0.59,6.93,21.56,31.66,457.0,LC,TORNTPHARM
https://www.screener.in/company/SHRIRAMFIN/consolidated/,2981.5,2.61,14.82,204.54,2.29,112083.87,11.27,15.93,11.1,10.88,14.87,3.99,18.56,23.38,71.38,1974.11,LC,SHRIRAMFIN
https://www.screener.in/company/INDUSTOWER/consolidated/,411.8,22.63,16.78,24.54,4.1,110977.5,22.08,24.19,13.9,20.12,22.18,0.76,33.18,20.91,53.9,1925.9,LC,INDUSTOWER
https://www.screener.in/company/OIL/consolidated/,677.7,5.4,14.07,41.77,2.28,110235.21,17.73,18.08,4.33,18.35,19.88,0.5,18.7,14.72,38.73,1885.78,LC,OIL
https://www.screener.in/company/DABUR/consolidated/,617.6,7.26,59.2,10.6,11.09,109457.95,22.28,19.22,55.46,25.39,21.62,0.14,7.81,3.88,19.41,494.35,LC,DABUR
https://www.screener.in/company/CGPOWER/consolidated/,715.45,9.55,121.57,9.59,36.21,109350.17,46.63,57.78,68.82,31.09,,0.01,0.12,42.06,14.05,241.14,LC,CGPOWER
https://www.screener.in/company/SUZLON/consolidated/,79.95,439.35,117.0,0.64,27.51,108049.9,24.93,28.77,109.47,6.21,,0.04,5.38,19.73,16.67,302.29,LC,SUZLON
https://www.screener.in/company/IDEA/consolidated/,15.88,676.07,,-5.71,,107791.67,-3.61,,,-4.41,,,2.83,-55.75,40.39,-6432.1,LC,IDEA
https://www.screener.in/company/BAJAJHLDNG/consolidated/,9585.5,5.16,14.3,670.49,1.97,106677.03,13.07,14.77,13.64,10.52,11.85,0.0,31.59,18.98,90.15,1610.46,LC,BAJAJHLDNG
https://www.screener.in/company/INDUSINDBK/,1364.15,49.4,11.83,115.41,1.69,106235.26,7.93,15.25,15.33,6.96,12.53,6.89,15.5,22.08,60.48,2152.16,LC,INDUSINDBK
https://www.screener.in/company/CUMMINSIND/,3761.4,10.91,59.04,63.66,16.92,104266.01,35.23,28.11,38.36,23.68,19.84,0.02,9.62,18.1,20.85,419.8,LC,CUMMINSIND
https://www.screener.in/company/ICICIPRULI/consolidated/,720.05,3.69,119.51,6.03,9.2,103827.15,8.75,8.07,81.87,11.8,9.99,0.11,16.68,-1.98,-0.75,224.34,LC,ICICIPRULI
https://www.screener.in/company/BHEL/consolidated/,296.55,31.73,1028.29,0.29,4.23,103260.59,3.37,1.13,36.72,0.13,-2.12,0.36,-4.73,-22.53,1.59,-211.4,LC,BHEL
https://www.screener.in/company/HEROMOTOCO/consolidated/,5128.1,14.95,25.22,204.13,5.79,102526.67,29.09,21.95,20.28,24.23,18.72,0.03,2.15,2.39,13.97,1032.21,LC,HEROMOTOCO
https://www.screener.in/company/UNITDSPR/consolidated/,1406.3,5.27,72.41,19.46,14.36,102287.35,27.87,20.98,67.18,21.59,17.68,0.04,3.92,15.74,17.51,485.0,LC,UNITDSPR
https://www.screener.in/company/IDBI/consolidated/,94.3,114.48,16.11,5.85,1.99,101395.15,6.23,11.77,17.61,4.39,0.32,5.77,3.65,18.98,68.52,1734.32,LC,IDBI
https://www.screener.in/company/GMRINFRA/consolidated/,95.87,27.85,,-1.11,,101228.9,6.39,,,4.63,,,3.39,8.77,34.0,-141.65,LC,GMRINFRA
https://www.screener.in/company/ICICIGI/,2036.7,0.5,47.66,42.82,7.94,100499.71,22.52,16.96,45.48,23.34,18.0,0.0,12.91,12.83,12.8,580.37,MC,ICICIGI
https://www.screener.in/company/POLYCAB/consolidated/,6674.35,9.85,56.37,118.54,12.25,100364.59,31.33,23.17,37.79,26.52,20.7,0.02,17.7,28.07,13.39,395.95,MC,POLYCAB
https://www.screener.in/company/MAZDOCK/consolidated/,4974.95,17.79,43.27,114.97,16.07,100339.77,44.14,35.21,11.79,28.93,24.0,0.0,15.46,29.46,19.5,696.1,MC,MAZDOCK
https://www.screener.in/company/CANBK/consolidated/,107.62,52.59,6.25,17.21,1.06,97618.35,6.63,17.94,6.75,5.34,10.51,14.87,18.18,90.75,57.92,4067.51,MC,CANBK
https://www.screener.in/company/APOLLOHOSP/consolidated/,6686.9,2.8,92.8,72.14,13.86,96147.36,15.55,13.67,89.44,13.8,11.86,0.77,14.66,34.93,12.96,305.2,MC,APOLLOHOSP
https://www.screener.in/company/COLPAL/,3534.65,0.18,67.99,51.99,51.29,96137.4,96.8,74.52,45.13,85.05,67.63,0.04,4.95,12.1,34.01,363.98,MC,COLPAL
https://www.screener.in/company/NAUKRI/consolidated/,7417.85,0.64,149.36,50.22,3.17,95975.2,3.65,2.44,132.33,4.21,4.71,0.01,17.12,49.88,28.11,231.17,MC,NAUKRI
https://www.screener.in/company/JINDALSTEL/consolidated/,934.5,17.4,17.06,54.82,2.15,95327.23,13.3,14.31,12.03,14.15,11.07,0.37,1.27,61.91,20.39,1337.92,MC,JINDALSTEL
https://www.screener.in/company/LUPIN/consolidated/,2086.05,2.18,42.03,49.69,6.65,95127.27,15.72,14.14,46.06,6.57,2.23,0.2,6.41,21.04,20.16,801.31,MC,LUPIN
https://www.screener.in/company/SOLARINDS/consolidated/,10497.45,26.7,102.7,102.22,28.74,94991.48,32.47,30.9,51.77,26.37,27.53,0.34,19.78,28.18,24.55,286.46,MC,SOLARINDS
https://www.screener.in/company/NHPC/consolidated/,94.13,25.84,26.15,3.6,2.44,94553.91,7.67,9.61,8.95,7.99,10.38,0.84,1.41,9.2,50.44,1028.6,MC,NHPC
https://www.screener.in/company/OFSS/consolidated/,10898.45,5.01,40.47,269.46,12.02,94504.75,39.54,28.98,17.59,37.39,26.59,0.01,5.15,9.88,45.22,616.7,MC,OFSS
https://www.screener.in/company/BOSCHLTD/,31940.6,14.83,49.42,863.58,7.81,94204.46,20.61,15.97,39.35,16.87,12.77,0.0,6.72,2.9,12.71,465.5,MC,BOSCHLTD
https://www.screener.in/company/ATGL/consolidated/,848.15,371.61,135.36,6.27,26.05,93280.39,21.2,20.46,170.12,26.51,23.66,0.43,21.09,22.74,25.22,171.84,MC,ATGL
https://www.screener.in/company/MANKIND/,2300.9,8.22,49.17,48.12,9.58,92182.14,24.57,19.71,53.96,29.02,21.53,0.0,19.33,27.24,25.25,484.25,MC,MANKIND
https://www.screener.in/company/HDFCAMC/,4216.3,1.9,43.45,97.06,12.72,90051.19,37.72,29.51,40.7,38.59,28.81,0.0,8.77,15.89,76.4,603.98,MC,HDFCAMC
https://www.screener.in/company/UNIONBANK/consolidated/,117.53,263.27,6.33,18.84,0.92,89717.77,6.55,15.64,6.83,5.22,8.79,12.82,23.95,46.36,66.4,3641.78,MC,UNIONBANK
https://www.screener.in/company/SHREECEM/consolidated/,24642.85,30.06,42.3,582.59,4.29,88913.25,14.76,12.24,49.72,14.86,12.28,0.08,10.33,15.91,21.89,278.45,MC,SHREECEM
https://www.screener.in/company/INDHOTEL/consolidated/,623.2,6.45,69.03,9.03,9.38,88708.3,15.11,14.26,60.17,5.88,4.35,0.29,8.45,35.06,32.05,248.39,MC,INDHOTEL
https://www.screener.in/company/AUROPHARMA/consolidated/,1502.75,2.03,24.6,60.1,2.95,88051.92,14.1,11.53,15.17,14.7,12.69,0.22,8.19,6.11,21.03,918.22,MC,AUROPHARMA
https://www.screener.in/company/MAXHEALTH/consolidated/,885.15,10.7,81.64,10.84,10.23,86030.03,16.01,13.37,71.39,10.71,11.2,0.15,26.17,780.36,27.23,236.27,MC,MAXHEALTH
https://www.screener.in/company/MARICO/consolidated/,661.05,4.53,56.38,11.73,22.32,85581.82,43.08,38.51,51.17,42.88,36.76,0.14,5.65,5.79,21.16,464.0,MC,MARICO
https://www.screener.in/company/GODREJPROP/consolidated/,2940.25,15.73,73.05,40.29,8.18,81755.7,5.74,6.79,89.36,5.09,3.92,1.07,1.5,25.03,-7.94,518.8,MC,GODREJPROP
https://www.screener.in/company/TORNTPOWER/consolidated/,1688.1,13.03,35.46,47.61,6.73,81132.92,14.77,15.21,14.05,14.4,14.69,0.96,15.63,15.05,18.11,972.24,MC,TORNTPOWER
https://www.screener.in/company/HINDPETRO/consolidated/,379.85,7.06,8.18,46.45,1.72,80825.34,21.26,40.38,4.62,9.89,16.71,1.42,9.51,19.06,3.99,633.94,MC,HINDPETRO
https://www.screener.in/company/TIINDIA/consolidated/,4011.25,16.71,90.7,62.57,15.21,77583.94,26.28,26.48,62.02,23.73,24.64,0.18,23.95,38.28,11.44,225.23,MC,TIINDIA
https://www.screener.in/company/POLICYBZR/consolidated/,1691.95,1.06,753.65,3.06,13.0,77158.71,1.75,1.14,927.48,-14.65,-10.44,0.04,47.51,16.75,-3.98,25.2,MC,POLICYBZR
https://www.screener.in/company/YESBANK/consolidated/,24.27,1564.61,52.29,0.49,1.69,76051.65,5.83,3.18,50.82,3.67,-10.37,8.41,-1.4,-5.52,58.49,516.0,MC,YESBANK
https://www.screener.in/company/ASHOKLEY/consolidated/,255.95,1.19,30.09,8.34,8.35,75157.86,15.01,28.35,28.06,9.28,10.07,4.53,6.64,4.04,17.73,506.4,MC,ASHOKLEY
https://www.screener.in/company/PERSISTENT/consolidated/,4857.15,2.22,63.89,76.06,15.09,74824.4,29.17,23.99,38.95,25.18,21.14,0.09,23.88,26.93,17.16,306.42,MC,PERSISTENT
https://www.screener.in/company/INDIANB/consolidated/,550.15,15.0,8.11,69.11,1.23,74103.22,5.92,15.35,6.77,5.12,11.26,11.8,23.74,85.67,64.12,2570.4,MC,INDIANB
https://www.screener.in/company/DIXON/consolidated/,12374.9,4.07,171.16,72.39,43.68,74045.33,28.79,24.68,113.25,27.96,23.82,0.29,42.75,42.29,3.87,133.68,MC,DIXON
https://www.screener.in/company/IRCTC/,924.75,38.34,62.18,14.83,22.9,73980.0,53.77,40.45,69.64,48.45,37.51,0.02,17.96,32.2,34.14,306.04,MC,IRCTC
https://www.screener.in/company/BHARATFORG/consolidated/,1584.5,15.25,76.38,19.99,10.29,73772.52,12.9,12.7,50.27,8.46,9.46,1.11,9.1,-2.85,16.99,262.42,MC,BHARATFORG
https://www.screener.in/company/MUTHOOTFIN/,1833.95,3.87,17.73,103.45,3.02,73626.47,13.13,17.86,13.83,14.25,21.88,2.7,12.93,15.47,79.47,1078.68,MC,MUTHOOTFIN
https://www.screener.in/company/SRF/consolidated/,2481.2,15.47,59.86,41.45,6.41,73548.93,12.71,12.22,34.14,18.25,19.7,0.44,13.1,15.73,18.78,252.22,MC,SRF
https://www.screener.in/company/PRESTIGE/consolidated/,1817.25,14.17,54.37,33.42,6.45,72846.58,14.87,12.92,33.54,11.48,8.63,1.19,8.78,31.75,33.9,232.6,MC,PRESTIGE
https://www.screener.in/company/ALKEM/consolidated/,5681.95,3.26,31.7,171.81,6.59,67936.24,19.68,19.56,27.85,18.31,18.68,0.14,11.48,19.88,19.36,545.16,MC,ALKEM
https://www.screener.in/company/GICRE/consolidated/,384.3,21.73,9.48,40.52,,67421.59,15.78,13.31,9.69,11.19,9.99,,0.2,24.09,15.39,1400.66,MC,GICRE
https://www.screener.in/company/PIIND/consolidated/,4436.5,3.69,38.52,115.17,7.71,67309.74,24.0,21.13,47.17,21.6,18.48,0.02,21.96,33.1,27.22,448.8,MC,PIIND
https://www.screener.in/company/SUPREMEIND/consolidated/,5259.85,23.24,59.26,88.76,13.08,66814.23,28.56,21.73,36.9,31.49,24.75,0.01,12.55,20.84,15.51,273.37,MC,SUPREMEIND
https://www.screener.in/company/SBICARD/,698.65,66.75,27.58,25.36,5.5,66447.28,12.54,21.98,46.69,12.49,22.97,3.3,19.34,22.72,32.84,594.45,MC,SBICARD
https://www.screener.in/company/UNOMINDA/consolidated/,1156.45,4.4,74.77,15.8,13.43,66399.18,19.94,18.89,54.59,14.6,14.81,0.35,18.89,24.71,11.27,199.03,MC,UNOMINDA
https://www.screener.in/company/PATANJALI/,1825.15,1.03,70.26,25.98,6.47,66069.49,11.08,7.63,49.49,11.84,,0.1,20.04,58.18,4.87,262.9,MC,PATANJALI
https://www.screener.in/company/JSWINFRA/consolidated/,313.6,15.11,58.46,5.37,8.2,65856.05,16.41,18.96,49.87,12.57,14.7,0.59,28.35,34.57,52.07,292.44,MC,JSWINFRA
https://www.screener.in/company/IREDA/,240.1,29.11,48.11,5.18,7.54,64533.23,9.3,17.29,34.25,8.27,14.86,5.8,19.71,33.9,96.2,383.69,MC,IREDA
https://www.screener.in/company/OBEROIRLTY/consolidated/,1766.15,10.58,29.33,60.22,4.64,64217.61,15.24,13.49,28.27,12.63,11.81,0.18,11.73,17.17,55.12,584.51,MC,OBEROIRLTY
https://www.screener.in/company/BERGEPAINT/consolidated/,549.9,32.29,54.94,10.01,11.92,64107.12,27.51,23.54,75.69,26.39,22.89,0.14,13.06,19.1,16.22,353.56,MC,BERGEPAINT
https://www.screener.in/company/NMDC/consolidated/,217.45,103.58,10.46,20.11,2.48,63726.02,31.92,23.9,6.15,32.95,23.97,0.13,11.89,4.65,35.82,1969.24,MC,NMDC
https://www.screener.in/company/SCHAEFFLER/,4032.0,22.79,67.26,59.73,12.88,63021.64,26.72,20.01,50.61,22.42,17.23,0.01,9.64,15.3,18.16,253.54,MC,SCHAEFFLER
https://www.screener.in/company/LINDEINDIA/,7207.3,37.85,139.78,51.56,17.9,61463.85,17.36,12.88,78.9,15.24,12.1,0.01,4.79,66.19,26.75,111.54,MC,LINDEINDIA
https://www.screener.in/company/UCOBANK/,50.68,200.71,30.58,1.66,2.21,60592.8,5.34,6.22,26.23,4.15,1.83,10.54,8.81,18.95,61.47,550.96,MC,UCOBANK
https://www.screener.in/company/PHOENIXLTD/consolidated/,3374.7,22.59,55.26,61.07,6.38,60314.34,12.6,12.32,52.18,8.11,8.52,0.49,15.01,23.77,54.42,232.84,MC,PHOENIXLTD
https://www.screener.in/company/FACT/,927.0,28.05,284.43,0.4,43.6,59983.57,17.01,29.57,27.29,29.55,,1.32,20.93,28.06,3.53,-56.93,MC,FACT
https://www.screener.in/company/CONCOR/consolidated/,978.95,21.96,46.85,20.9,5.04,59646.87,13.69,10.94,38.71,12.23,9.31,0.08,4.46,0.64,22.68,258.17,MC,CONCOR
https://www.screener.in/company/ABBOTINDIA/,27929.9,6.12,47.9,583.07,16.05,59351.04,46.02,34.88,50.3,39.19,30.47,0.02,9.72,22.01,25.12,328.01,MC,ABBOTINDIA
https://www.screener.in/company/KALYANKJIL/consolidated/,572.95,10.59,93.69,6.13,14.09,59048.99,14.04,15.22,32.13,10.82,9.61,1.07,13.68,175.65,6.93,177.56,MC,KALYANKJIL
https://www.screener.in/company/OLAELEC/consolidated/,133.08,0.0,,-8.1,,58699.32,-32.13,,,-28.69,,6.41,,,-25.27,-324.0,MC,OLAELEC
https://www.screener.in/company/HUDCO/consolidated/,291.8,21.3,26.21,11.13,3.52,58415.44,9.24,13.21,5.31,9.28,12.74,4.45,6.87,12.4,98.5,557.75,MC,HUDCO
https://www.screener.in/company/COCHINSHIP/,2198.45,35.53,65.39,33.62,11.51,57836.99,21.42,17.21,9.44,18.75,14.19,0.1,4.21,11.26,24.93,180.85,MC,COCHINSHIP
https://www.screener.in/company/JSL/consolidated/,701.35,20.91,22.87,31.76,4.02,57751.58,22.23,19.88,11.31,22.9,22.68,0.42,23.25,79.01,12.49,646.07,MC,JSL
https://www.screener.in/company/MRF/consolidated/,136087.2,11.29,27.96,4865.46,3.46,57700.97,16.12,12.55,27.17,11.15,8.68,0.17,9.4,11.81,16.52,571.02,MC,MRF
https://www.screener.in/company/BHARTIHEXA/,1148.0,19.24,89.84,10.09,,57400.0,14.3,14.44,83.96,3.71,-1.06,1.75,14.43,22.63,47.42,251.17,MC,BHARTIHEXA
https://www.screener.in/company/ABCAPITAL/consolidated/,216.09,22.17,16.32,13.25,2.1,56232.68,9.95,14.15,18.45,9.18,14.66,4.11,17.88,32.67,35.06,758.84,MC,ABCAPITAL
https://www.screener.in/company/SJVN/consolidated/,142.96,19.26,60.76,2.54,3.99,56180.35,4.98,6.09,7.1,10.8,10.14,1.44,-0.5,-9.58,70.18,357.09,MC,SJVN
https://www.screener.in/company/PETRONET/,370.9,2.04,14.31,25.92,3.28,55635.0,26.41,22.19,11.38,27.94,24.55,0.18,6.55,10.42,10.26,1141.58,MC,PETRONET
https://www.screener.in/company/NYKAA/consolidated/,193.9,121.25,1434.79,0.14,43.87,55397.35,6.84,2.44,1518.07,7.43,3.22,0.77,41.86,27.09,5.5,9.64,MC,NYKAA
https://www.screener.in/company/PGHH/,16984.15,13.34,73.98,229.57,52.38,55131.8,100.63,80.63,77.83,87.01,63.0,0.0,9.8,12.39,25.85,154.37,MC,PGHH
https://www.screener.in/company/LTTS/,5207.55,14.41,43.35,120.21,10.9,55111.14,33.4,25.79,38.48,34.11,26.04,0.12,12.99,11.26,20.79,312.6,MC,LTTS
https://www.screener.in/company/MPHASIS/consolidated/,2910.95,25.72,35.21,82.77,6.26,55043.88,23.95,18.44,25.95,26.29,20.41,0.18,11.43,7.57,18.24,404.51,MC,MPHASIS
https://www.screener.in/company/BALKRISIND/consolidated/,2832.55,19.25,33.6,84.3,6.18,54758.06,17.62,17.55,31.31,19.21,18.11,0.35,12.45,13.87,24.37,489.99,MC,BALKRISIND
https://www.screener.in/company/IDFCFIRSTB/consolidated/,71.96,39.99,18.86,4.09,1.58,53817.58,6.93,10.1,21.42,5.94,3.02,7.79,19.97,28.76,38.49,642.64,MC,IDFCFIRSTB
https://www.screener.in/company/TATACOMM/consolidated/,1864.6,11.82,64.57,32.26,29.75,53141.1,17.55,65.21,31.12,18.16,,6.3,4.88,72.66,19.84,272.91,MC,TATACOMM
https://www.screener.in/company/SAIL/consolidated/,128.28,128.41,13.68,7.11,0.93,52986.38,8.24,6.62,10.92,11.5,10.22,0.64,9.49,7.02,11.16,377.23,MC,SAIL
https://www.screener.in/company/BANKINDIA/consolidated/,116.01,407.71,7.66,15.5,0.75,52815.5,5.69,9.98,8.84,4.43,4.56,11.64,8.29,25.52,68.52,1888.28,MC,BANKINDIA
https://www.screener.in/company/THERMAX/consolidated/,4377.0,33.42,87.64,58.93,11.75,52154.71,16.93,14.15,68.48,13.1,10.38,0.29,9.31,9.53,8.41,109.42,MC,THERMAX
https://www.screener.in/company/UBL/consolidated/,1971.75,10.69,116.56,16.92,12.48,52133.07,13.49,10.06,121.01,11.99,8.81,0.02,4.64,-6.15,9.11,173.55,MC,UBL
https://www.screener.in/company/COROMANDEL/consolidated/,1759.75,1.15,35.69,49.56,5.5,51824.74,25.98,18.89,17.14,31.3,25.15,0.05,10.77,17.2,10.23,309.24,MC,COROMANDEL
https://www.screener.in/company/VOLTAS/consolidated/,1535.15,4.18,112.15,13.81,8.73,50795.77,8.51,4.4,67.54,12.83,8.22,0.13,11.87,-13.61,4.1,334.23,MC,VOLTAS
https://www.screener.in/company/ASTRAL/consolidated/,1889.5,29.88,93.08,20.35,15.92,50757.07,23.16,18.05,92.27,25.25,19.76,0.04,17.61,22.18,16.21,119.5,MC,ASTRAL
https://www.screener.in/company/CENTRALBK/consolidated/,58.04,265.49,16.17,3.59,1.56,50384.17,5.29,8.71,15.8,4.37,2.47,12.53,6.28,19.9,54.97,942.42,MC,CENTRALBK
https://www.screener.in/company/POWERINDIA/,11828.7,21.65,291.82,40.53,36.87,50132.01,17.85,12.74,144.67,18.98,,0.16,,,6.57,10.42,MC,POWERINDIA
https://www.screener.in/company/FEDERALBNK/consolidated/,203.67,1.43,12.38,16.67,1.65,49882.84,6.93,14.84,9.99,5.96,12.96,9.22,15.16,24.32,70.17,1027.51,MC,FEDERALBNK
https://www.screener.in/company/KPITTECH/consolidated/,1815.4,6.24,75.12,24.25,23.19,49768.07,38.36,31.19,52.93,25.03,22.86,0.15,50.01,49.45,20.6,204.16,MC,KPITTECH
https://www.screener.in/company/GLAXO/consolidated/,2905.85,2.1,63.91,37.78,27.69,49226.85,51.33,37.32,55.98,39.01,37.29,0.01,2.0,9.05,28.38,182.33,MC,GLAXO
https://www.screener.in/company/BDL/,1318.8,36.09,83.62,15.77,13.29,48342.26,24.23,17.89,24.98,21.89,15.74,0.0,-5.05,7.71,22.84,7.22,MC,BDL
https://www.screener.in/company/AWL/,363.3,141.77,68.52,4.93,5.71,47217.32,10.41,3.65,104.38,18.95,10.63,0.29,11.32,-3.99,3.22,323.55,MC,AWL
https://www.screener.in/company/PAGEIND/,40947.5,32.73,79.26,516.46,28.6,45656.46,45.02,38.35,79.87,53.53,44.13,0.12,9.94,8.1,18.83,165.22,MC,PAGEIND
https://www.screener.in/company/AUBANK/,613.2,32.65,26.61,23.93,3.27,45577.33,7.71,13.05,31.62,8.08,16.09,7.38,29.05,32.03,53.01,502.57,MC,AUBANK
https://www.screener.in/company/HONAUT/,51384.3,16.76,84.98,604.54,12.6,45423.72,19.85,14.76,80.48,23.3,16.57,0.02,5.03,6.93,15.25,136.5,MC,HONAUT
https://www.screener.in/company/SUNDARMFIN/consolidated/,4016.65,24.43,29.12,134.62,4.03,44624.98,9.21,14.16,21.66,8.55,14.16,4.72,14.5,11.65,78.37,434.85,MC,SUNDARMFIN
https://www.screener.in/company/GET&D/,1740.15,4.15,155.06,11.22,35.85,44556.54,23.14,15.66,202.02,3.87,-2.79,0.03,-5.57,-3.62,13.21,134.54,MC,GET&D
https://www.screener.in/company/GLENMARK/consolidated/,1565.8,0.69,,-46.47,5.63,44185.02,12.35,-32.3,15.24,14.15,1.31,0.16,3.67,,11.2,340.24,MC,GLENMARK
https://www.screener.in/company/ACC/consolidated/,2337.9,21.65,21.76,118.84,2.69,43902.78,17.27,14.15,22.94,16.16,11.94,0.02,6.16,7.24,14.91,361.36,MC,ACC
https://www.screener.in/company/NAM-INDIA/consolidated/,686.85,0.63,36.04,19.14,10.87,43392.68,36.24,29.54,31.92,29.18,22.99,0.0,4.33,17.9,61.74,332.33,MC,NAM-INDIA
https://www.screener.in/company/MAHABANK/consolidated/,61.17,58.17,9.66,6.33,2.18,43316.76,5.38,22.83,11.74,4.62,13.33,14.01,13.57,23.34,58.63,1295.09,MC,MAHABANK
https://www.screener.in/company/AIAENG/consolidated/,4550.35,8.78,38.23,119.04,6.45,42919.07,22.71,18.3,30.27,20.08,16.6,0.07,9.6,18.69,27.61,259.4,MC,AIAENG
https://www.screener.in/company/JUBLFOOD/consolidated/,645.0,42.33,156.39,6.46,19.61,42560.02,10.94,12.43,98.51,18.83,19.27,1.93,9.67,-3.94,19.96,58.47,MC,JUBLFOOD
https://www.screener.in/company/TATAELXSI/,6799.65,58.25,53.76,126.48,16.9,42345.8,42.74,34.47,58.92,42.64,34.68,0.09,17.34,22.42,28.87,184.08,MC,TATAELXSI
https://www.screener.in/company/EXIDEIND/consolidated/,495.7,25.15,48.19,10.29,3.27,42134.5,10.15,7.05,20.91,12.42,16.79,0.09,2.64,1.85,10.92,220.06,MC,EXIDEIND
https://www.screener.in/company/UPL/consolidated/,553.35,56.28,,-23.31,1.67,41534.87,3.29,-4.28,17.03,10.91,10.33,1.2,14.57,,9.5,-363.12,MC,UPL
https://www.screener.in/company/GUJGASLTD/,601.2,30.85,34.04,18.27,5.38,41386.01,20.15,15.0,24.86,29.11,25.29,0.02,15.14,20.75,12.37,329.78,MC,GUJGASLTD
https://www.screener.in/company/ESCORTS/consolidated/,3732.0,18.18,39.19,95.23,4.49,41237.95,16.08,12.0,29.11,18.49,12.69,0.01,7.16,17.09,13.09,293.1,MC,ESCORTS
https://www.screener.in/company/LTF/consolidated/,164.29,21.07,16.57,9.95,1.74,40952.45,8.22,10.31,19.41,7.48,5.81,3.27,0.32,0.76,59.1,685.25,MC,LTF
https://www.screener.in/company/BIOCON/consolidated/,340.95,43.06,26.21,13.17,2.07,40934.46,5.96,5.25,48.99,8.46,7.05,0.82,21.76,5.87,21.36,641.27,MC,BIOCON
https://www.screener.in/company/COFORGE/consolidated/,6077.0,12.68,52.84,124.11,10.36,40529.81,28.6,24.09,35.23,28.62,23.0,0.2,20.08,14.61,15.12,133.2,MC,COFORGE
https://www.screener.in/company/TATATECH/consolidated/,999.05,40.13,62.36,16.02,12.58,40528.31,28.29,21.88,61.95,23.45,19.02,0.08,11.7,13.62,17.98,162.03,MC,TATATECH
https://www.screener.in/company/SONACOMS/,686.7,22.31,74.25,9.17,15.65,40272.25,23.76,20.06,79.01,19.85,18.55,0.15,32.85,36.85,28.8,154.96,MC,SONACOMS
https://www.screener.in/company/FORTIS/consolidated/,532.8,1.27,62.65,8.65,5.25,40224.17,10.34,7.85,54.03,7.35,4.47,0.15,9.05,42.77,18.86,165.82,MC,FORTIS
https://www.screener.in/company/3MINDIA/,35680.05,14.91,71.03,502.52,16.96,40211.42,33.04,24.81,81.53,19.82,14.6,0.01,6.93,10.65,18.78,146.48,MC,3MINDIA
https://www.screener.in/company/DEEPAKNTR/consolidated/,2900.8,9.25,49.12,63.31,8.25,39564.89,21.65,16.38,28.83,34.68,28.19,0.06,23.26,32.81,15.06,202.53,MC,DEEPAKNTR
https://www.screener.in/company/PSB/,58.18,157.3,63.17,0.92,2.54,39433.16,5.59,3.88,16.78,4.27,-1.45,8.32,2.52,25.2,67.36,181.5,MC,PSB
https://www.screener.in/company/NIACL/consolidated/,238.2,60.55,35.81,6.65,,39255.36,5.2,4.12,20.66,5.36,4.37,,9.49,40.49,3.01,239.31,MC,NIACL
https://www.screener.in/company/APLAPOLLO/consolidated/,1407.55,28.32,53.37,26.38,10.84,39062.97,25.29,22.16,46.82,26.13,23.98,0.32,20.43,37.66,6.4,193.17,MC,APLAPOLLO
https://www.screener.in/company/360ONE/consolidated/,1069.6,13.67,41.97,24.04,11.13,38882.55,14.47,24.47,29.47,11.58,17.25,2.75,13.1,16.51,55.18,305.71,MC,360ONE
https://www.screener.in/company/KEI/,4298.2,17.27,63.59,67.59,12.32,38787.57,27.21,20.26,29.04,25.18,19.66,0.05,13.9,26.14,10.46,150.25,MC,KEI
https://www.screener.in/company/LLOYDSME/,740.0,7.97,27.68,27.66,13.3,38683.76,78.27,56.64,18.99,42.56,61.15,0.01,69.02,129.25,27.41,557.48,MC,LLOYDSME
https://www.screener.in/company/IGL/,545.85,10.65,22.33,24.44,4.47,38209.54,29.32,22.36,23.34,27.11,20.7,0.01,19.42,19.09,16.42,401.45,MC,IGL
https://www.screener.in/company/TATAMTRDVR/,749.95,7.29,,,,38135.17,,,,0.0,,,,,,1251.4,MC,TATAMTRDVR
https://www.screener.in/company/IRB/consolidated/,62.84,24.36,62.01,1.01,2.76,37949.08,9.0,4.47,26.71,9.92,4.97,1.36,2.01,-6.4,40.59,139.98,MC,IRB
https://www.screener.in/company/AJANTPHARM/consolidated/,2995.3,13.17,44.17,67.81,10.57,37716.12,31.6,23.23,26.56,28.51,21.36,0.01,15.41,15.85,28.01,245.77,MC,AJANTPHARM
https://www.screener.in/company/FLUOROCHEM/consolidated/,3427.0,21.8,110.13,31.12,6.34,37645.6,9.66,7.59,35.8,16.07,11.53,0.35,9.42,-19.0,20.47,108.0,MC,FLUOROCHEM
https://www.screener.in/company/MOTILALOFS/consolidated/,623.15,15.86,13.31,46.97,4.25,37204.77,20.69,32.59,11.66,16.87,24.42,1.58,23.61,52.72,58.65,881.89,MC,MOTILALOFS
https://www.screener.in/company/EMBASSY/consolidated/,385.99,32.65,40.26,9.59,1.59,36587.75,5.41,3.94,40.76,4.45,3.05,0.8,,151.85,76.28,178.76,MC,EMBASSY
https://www.screener.in/company/M&MFIN/consolidated/,295.85,17.14,17.65,16.77,1.83,36554.86,8.74,10.02,16.84,8.41,8.76,4.93,8.89,1.08,61.42,497.01,MC,M&MFIN
https://www.screener.in/company/NLCINDIA/consolidated/,261.7,19.14,18.07,14.49,2.2,36288.28,9.13,11.7,7.06,9.37,10.47,1.36,5.66,4.05,24.15,559.42,MC,NLCINDIA
https://www.screener.in/company/LICHSGFIN/consolidated/,658.25,25.64,7.62,86.33,1.15,36207.9,8.79,16.22,7.52,8.14,13.15,8.03,9.41,14.35,90.68,1306.3,MC,LICHSGFIN
https://www.screener.in/company/METROBRAND/consolidated/,1328.6,8.48,87.82,15.13,19.38,36130.35,19.65,24.18,86.16,18.76,21.09,0.59,14.13,22.65,29.5,91.73,MC,METROBRAND
https://www.screener.in/company/EMAMILTD/consolidated/,824.35,3.05,48.64,16.92,14.71,35982.88,31.72,29.95,35.9,27.42,27.94,0.04,5.84,18.62,26.53,150.6,MC,EMAMILTD
https://www.screener.in/company/PAYTM/consolidated/,564.25,247.55,,-29.88,2.69,35901.77,-10.19,-10.72,,-19.89,-19.09,0.01,25.35,10.61,-18.11,-838.9,MC,PAYTM
https://www.screener.in/company/BSE/consolidated/,2645.95,23.38,60.11,44.37,10.85,35819.91,19.97,15.2,34.53,11.93,9.14,0.0,19.54,16.78,41.67,264.29,MC,BSE
https://www.screener.in/company/MRPL/consolidated/,203.67,42.02,13.42,15.15,2.69,35695.2,25.75,31.93,6.15,8.42,13.36,0.96,7.34,59.96,6.74,73.22,MC,MRPL
https://www.screener.in/company/BLUESTARCO/consolidated/,1718.65,10.93,70.74,24.34,13.54,35337.99,25.51,21.17,58.84,20.42,18.85,0.09,13.09,17.13,7.34,168.76,MC,BLUESTARCO
https://www.screener.in/company/ENDURANCE/consolidated/,2509.65,21.98,48.97,51.25,7.09,35301.45,16.6,13.64,40.5,16.46,14.22,0.15,6.4,4.96,13.01,203.86,MC,ENDURANCE
https://www.screener.in/company/MFSL/consolidated/,1017.25,12.86,92.46,11.0,9.08,35106.8,9.77,9.21,74.48,13.07,9.7,0.14,19.01,5.31,0.98,127.29,MC,MFSL
https://www.screener.in/company/FIRSTCRY/consolidated/,669.9,5.64,,,,34780.15,-4.0,-8.3,,-2.78,,0.45,,,1.09,,MC,FIRSTCRY
https://www.screener.in/company/STARHEALTH/,580.6,61.9,38.8,14.98,,33992.66,17.21,13.88,45.49,-5.09,-2.03,,30.01,45.81,8.01,318.93,MC,STARHEALTH
https://www.screener.in/company/IPCALAB/consolidated/,1337.95,5.68,64.04,22.73,5.36,33944.36,12.77,9.35,31.76,18.83,14.94,0.23,15.39,5.46,16.64,192.24,MC,IPCALAB
https://www.screener.in/company/APARINDS/consolidated/,8426.1,14.65,40.77,208.83,8.73,33846.22,43.96,26.83,14.72,34.45,22.11,0.12,15.19,44.09,9.49,202.54,MC,APARINDS
https://www.screener.in/company/SYNGENE/consolidated/,830.95,5.29,70.11,12.24,7.85,33448.81,14.74,13.23,56.91,14.69,14.29,0.13,13.83,9.68,28.02,51.79,MC,SYNGENE
https://www.screener.in/company/CRISIL/consolidated/,4507.05,16.89,50.71,88.89,14.67,32959.9,41.36,32.3,45.81,39.85,30.69,0.02,12.42,12.29,26.95,150.11,MC,CRISIL
https://www.screener.in/company/NBCC/consolidated/,182.79,8.49,59.27,2.39,14.78,32902.2,32.71,25.59,29.62,23.41,17.25,0.0,0.97,7.3,5.15,104.62,MC,NBCC
https://www.screener.in/company/DALBHARAT/consolidated/,1750.8,45.56,35.69,44.63,2.0,32835.84,6.71,4.78,35.25,7.3,5.8,0.29,9.15,30.99,18.33,223.13,MC,DALBHARAT
https://www.screener.in/company/JKCEMENT/consolidated/,4239.95,8.49,38.19,111.85,6.1,32761.35,15.8,15.94,32.89,16.02,15.96,1.03,17.05,24.64,18.43,184.82,MC,JKCEMENT
https://www.screener.in/company/KAYNES/consolidated/,5082.2,2.51,155.25,33.28,13.06,32531.55,14.52,10.64,119.35,18.78,,0.13,,,13.96,50.78,MC,KAYNES
https://www.screener.in/company/ABFRL/consolidated/,319.45,12.54,,-6.56,8.05,32459.37,0.4,-18.2,84.95,2.57,-13.76,2.34,11.51,,10.67,-161.45,MC,ABFRL
https://www.screener.in/company/SUNTV/consolidated/,821.75,33.59,17.11,48.03,3.07,32383.9,26.32,19.44,12.55,27.68,20.62,0.0,2.51,6.68,60.28,559.58,MC,SUNTV
https://www.screener.in/company/GODIGIT/,349.85,7.19,176.62,2.08,,32088.32,6.62,7.08,807.32,-3.41,,,,,2.74,101.34,MC,GODIGIT
https://www.screener.in/company/GLAND/consolidated/,1945.05,123.64,44.38,43.84,3.67,32045.03,13.58,9.26,39.7,20.28,,0.04,,,22.25,143.76,MC,GLAND
https://www.screener.in/company/MSUMI/,70.48,13.51,46.92,1.5,18.58,31159.97,47.96,42.45,52.68,59.82,,0.15,,,12.04,148.87,MC,MSUMI
https://www.screener.in/company/BANDHANBNK/,191.59,287.18,12.0,15.97,1.43,30864.58,7.06,10.82,17.88,7.58,11.38,7.01,23.22,2.7,50.98,1063.46,SC,BANDHANBNK
https://www.screener.in/company/APOLLOTYRE/consolidated/,485.15,17.09,18.15,25.62,2.22,30811.92,16.45,13.22,18.58,9.63,7.97,0.35,7.66,16.04,16.9,330.84,SC,APOLLOTYRE
https://www.screener.in/company/DELHIVERY/consolidated/,416.55,70.08,,-1.44,3.36,30791.36,-1.73,-2.94,,-8.91,-11.03,0.13,37.54,13.08,2.76,59.49,SC,DELHIVERY
https://www.screener.in/company/JBCHEPHARM/consolidated/,1966.5,3.23,51.98,37.86,10.44,30522.65,24.55,20.02,30.87,25.07,19.54,0.13,16.22,24.43,26.31,176.83,SC,JBCHEPHARM
https://www.screener.in/company/TATAINVEST/consolidated/,6027.2,61.88,82.8,72.98,1.02,30494.8,1.67,1.55,41.62,1.46,1.36,0.0,16.82,23.54,90.43,131.07,SC,TATAINVEST
https://www.screener.in/company/GODREJIND/consolidated/,905.65,9.31,62.12,6.07,3.81,30492.4,5.59,0.65,25.29,7.2,6.9,3.62,8.88,-36.26,5.72,322.49,SC,GODREJIND
https://www.screener.in/company/HINDCOPPER/,313.95,109.59,83.98,3.74,13.29,30359.72,17.97,13.53,45.88,8.45,6.28,0.1,-1.12,15.26,34.89,113.41,SC,HINDCOPPER
https://www.screener.in/company/NATIONALUM/,165.13,26.93,15.2,12.59,2.08,30328.3,16.95,12.67,12.44,16.21,13.04,0.01,2.72,0.34,25.04,601.22,SC,NATIONALUM
https://www.screener.in/company/MEDANTA/consolidated/,1125.75,34.48,62.68,17.97,10.4,30231.72,19.32,17.93,62.7,12.21,12.01,0.28,17.6,56.23,23.71,106.27,SC,MEDANTA
https://www.screener.in/company/CARBORUNIV/consolidated/,1577.8,16.69,78.03,24.24,9.6,30020.77,20.13,15.56,44.32,19.45,15.17,0.05,11.83,13.33,16.22,112.96,SC,CARBORUNIV
https://www.screener.in/company/CHOLAHLDNG/consolidated/,1591.7,3.65,15.33,103.82,2.92,29888.54,10.72,19.81,12.78,10.05,17.52,13.09,18.78,20.54,56.63,548.36,SC,CHOLAHLDNG
https://www.screener.in/company/ZFCVINDIA/,15694.1,16.29,73.61,213.12,10.67,29756.01,20.9,15.4,82.39,13.17,10.0,0.0,5.8,8.87,14.89,99.21,SC,ZFCVINDIA
https://www.screener.in/company/KPRMILL/consolidated/,857.7,17.7,36.38,23.57,6.73,29317.39,20.62,19.49,22.05,23.98,23.08,0.27,12.36,18.79,20.13,203.31,SC,KPRMILL
https://www.screener.in/company/CDSL/consolidated/,2788.15,0.86,60.74,45.91,19.91,29136.17,40.18,31.31,41.33,31.9,26.36,0.0,32.85,29.87,61.01,134.16,SC,CDSL
https://www.screener.in/company/HATSUN/,1294.2,16.33,90.75,14.26,18.34,28828.08,13.19,17.02,95.23,14.38,17.5,1.72,10.91,16.45,12.07,130.54,SC,HATSUN
https://www.screener.in/company/BASF/,6604.5,20.37,43.24,155.07,8.87,28590.88,24.99,18.98,33.53,21.42,17.93,0.05,17.97,79.55,7.0,210.51,SC,BASF
https://www.screener.in/company/ARE&M/,1561.0,13.77,30.4,53.17,4.22,28570.26,18.74,14.02,17.24,19.84,14.72,0.02,10.64,13.17,14.28,244.55,SC,ARE&M
https://www.screener.in/company/CROMPTON/consolidated/,440.3,16.47,60.55,7.37,9.44,28325.88,15.82,15.55,39.79,24.72,24.48,0.23,10.3,1.85,10.04,151.72,SC,CROMPTON
https://www.screener.in/company/SUNDRMFAST/consolidated/,1340.1,12.38,52.54,25.5,8.23,28159.3,18.54,16.22,42.91,18.07,17.0,0.19,4.45,2.64,15.77,141.83,SC,SUNDRMFAST
https://www.screener.in/company/POONAWALLA/consolidated/,362.35,43.49,23.02,22.69,3.44,28082.65,10.8,13.9,37.22,7.05,5.24,1.86,17.14,28.02,73.54,291.64,SC,POONAWALLA
https://www.screener.in/company/INOXWIND/consolidated/,212.74,11.4,372.26,0.58,16.34,27736.91,4.25,-1.71,368.67,-5.81,-23.57,1.91,3.95,4.66,18.59,47.17,SC,INOXWIND
https://www.screener.in/company/BAYERCROP/,6158.7,16.86,41.55,148.24,9.71,27678.49,33.91,26.7,34.99,31.85,23.86,0.02,10.01,17.01,16.89,254.2,SC,BAYERCROP
https://www.screener.in/company/LALPATHLAB/consolidated/,3300.75,28.62,72.31,45.7,14.9,27585.77,25.17,20.36,70.78,27.57,21.32,0.13,13.1,12.44,27.68,106.4,SC,LALPATHLAB
https://www.screener.in/company/TIMKEN/,3662.8,31.54,69.17,52.95,11.4,27551.12,23.36,17.56,59.58,22.83,17.64,0.01,11.82,21.35,19.41,96.31,SC,TIMKEN
https://www.screener.in/company/TVSHLTD/consolidated/,13479.4,8.36,30.24,446.2,9.59,27271.66,14.98,26.32,17.08,12.08,15.66,9.24,13.31,13.06,14.41,216.89,SC,TVSHLTD
https://www.screener.in/company/MANYAVAR/consolidated/,1121.5,33.89,70.8,15.84,17.0,27238.53,30.74,26.68,74.93,29.51,25.38,0.28,11.3,17.78,48.05,62.49,SC,MANYAVAR
https://www.screener.in/company/GRINDWELL/consolidated/,2454.05,20.62,71.5,34.31,13.22,27171.24,24.59,19.01,60.0,24.14,18.52,0.04,10.95,18.59,18.98,93.18,SC,GRINDWELL
https://www.screener.in/company/ITI/,281.8,36.39,,-5.8,15.48,27077.79,-8.44,-27.83,131.91,1.82,-5.73,1.03,-5.41,,-17.38,-64.61,SC,ITI
https://www.screener.in/company/SUMICHEM/,538.35,1.97,61.59,8.74,11.01,26871.51,20.83,15.33,52.51,28.79,21.39,0.01,4.97,16.54,18.87,128.39,SC,SUMICHEM
https://www.screener.in/company/PFIZER/,5850.95,5.54,44.42,133.01,7.44,26766.77,21.98,16.1,36.94,24.22,18.25,0.01,1.05,5.01,31.56,150.71,SC,PFIZER
https://www.screener.in/company/BRIGADE/consolidated/,1152.35,26.1,58.55,21.51,7.3,26634.93,12.66,11.71,82.84,7.86,5.6,1.5,10.5,11.07,24.66,80.53,SC,BRIGADE
https://www.screener.in/company/WHIRLPOOL/,2096.95,32.91,105.53,18.85,8.25,26604.0,8.34,5.69,84.93,14.64,9.9,0.07,3.25,-15.03,5.97,134.03,SC,WHIRLPOOL
https://www.screener.in/company/TATACHEM/consolidated/,1042.35,29.49,34.21,-4.47,1.19,26554.91,7.81,2.32,14.39,13.48,13.45,0.25,8.33,-13.27,15.78,138.16,SC,TATACHEM
https://www.screener.in/company/AEGISLOG/consolidated/,749.75,29.38,44.99,16.66,6.76,26316.23,14.74,15.13,31.08,15.05,14.21,0.68,4.64,20.47,14.65,131.49,SC,AEGISLOG
https://www.screener.in/company/NATCOPHARM/consolidated/,1461.95,5.33,16.0,91.37,4.47,26184.97,30.05,25.88,26.19,15.85,14.23,0.06,13.81,17.05,48.05,668.5,SC,NATCOPHARM
https://www.screener.in/company/ISEC/consolidated/,800.05,12.0,13.27,60.39,6.6,25909.67,19.74,50.09,17.7,28.06,53.76,4.3,23.96,28.14,68.37,526.91,SC,ISEC
https://www.screener.in/company/JYOTICNC/consolidated/,1136.7,27.56,120.04,9.91,18.94,25851.18,21.25,20.86,172.09,6.84,-4.24,0.22,6.76,129.07,24.77,50.92,SC,JYOTICNC
https://www.screener.in/company/TRITURBINE/consolidated/,810.0,4.19,89.33,9.07,26.83,25748.03,41.68,31.29,48.04,29.52,22.52,0.0,14.51,22.31,19.71,80.03,SC,TRITURBINE
https://www.screener.in/company/GILLETTE/,7856.1,4.38,66.08,118.91,24.84,25603.03,52.01,38.49,60.67,47.93,34.46,0.0,8.12,8.9,22.88,99.09,SC,GILLETTE
https://www.screener.in/company/SUVENPHAR/consolidated/,1003.8,6.66,106.27,9.45,12.46,25553.23,18.78,14.11,31.58,36.47,26.39,0.03,22.71,19.6,33.96,60.77,SC,SUVENPHAR
https://www.screener.in/company/SKFINDIA/,5083.45,44.59,45.18,112.51,9.37,25131.54,29.15,21.94,42.9,27.26,20.54,0.0,8.53,10.56,15.14,159.04,SC,SKFINDIA
https://www.screener.in/company/IRCON/consolidated/,266.8,31.8,25.97,10.27,4.27,25092.96,18.54,16.77,9.65,14.71,13.43,0.44,21.13,16.09,8.34,224.02,SC,IRCON
https://www.screener.in/company/CASTROLIND/,252.3,10.96,28.21,8.95,11.7,24955.56,56.72,42.54,16.9,66.47,48.17,0.03,5.38,3.77,23.48,232.17,SC,CASTROLIND
https://www.screener.in/company/KIOCL/,407.45,41.7,,-1.25,12.91,24762.82,-2.13,-4.25,80.72,7.31,4.73,0.09,-0.36,,-3.84,-50.72,SC,KIOCL
https://www.screener.in/company/RATNAMANI/consolidated/,3509.05,12.25,41.41,84.75,7.83,24595.63,27.72,21.63,34.06,23.46,18.73,0.05,12.93,19.69,16.87,105.13,SC,RATNAMANI
https://www.screener.in/company/NH/consolidated/,1183.4,22.11,29.98,39.47,8.39,24184.06,26.54,31.43,38.05,19.61,23.63,0.56,11.89,67.79,23.11,201.38,SC,NH
https://www.screener.in/company/PPLPHARMA/consolidated/,182.08,8.23,599.73,0.21,3.04,24139.22,5.49,0.22,653.15,4.87,,0.6,,,15.15,-88.64,SC,PPLPHARMA
https://www.screener.in/company/EMCURE/consolidated/,1258.7,11.92,47.29,27.5,,23801.81,18.62,18.46,46.92,19.68,20.52,0.79,7.14,20.02,18.47,144.08,SC,EMCURE
https://www.screener.in/company/CENTURYTEX/consolidated/,2130.7,13.68,208.14,5.77,5.98,23799.0,8.31,1.29,58.37,5.9,3.99,0.63,2.74,-61.59,11.6,12.53,SC,CENTURYTEX
https://www.screener.in/company/MCX/consolidated/,4636.35,0.7,135.6,34.19,17.15,23645.39,7.15,5.82,39.89,13.14,10.82,0.0,17.9,-11.78,23.83,110.92,SC,MCX
https://www.screener.in/company/GODFRYPHLP/consolidated/,4535.5,6.3,26.28,164.86,5.57,23581.84,22.17,18.97,14.56,19.07,16.2,0.08,12.09,27.99,19.92,268.89,SC,GODFRYPHLP
https://www.screener.in/company/AIIL/,1387.95,6.23,5.92,234.56,2.29,23573.65,40.65,44.05,7.82,17.58,30.1,0.04,,140.29,110.65,1092.75,SC,AIIL
https://www.screener.in/company/EIHOTEL/consolidated/,375.75,50.63,36.96,10.03,5.96,23498.06,23.62,17.62,46.57,6.24,4.03,0.05,6.76,30.17,35.69,93.68,SC,EIHOTEL
https://www.screener.in/company/KANSAINER/consolidated/,290.1,56.27,35.17,8.39,4.2,23451.09,16.56,12.79,55.78,15.58,11.76,0.05,7.54,8.35,13.19,224.87,SC,KANSAINER
https://www.screener.in/company/JWL/,549.1,36.24,65.03,8.76,13.96,23309.19,31.67,27.36,27.71,16.95,18.0,0.21,75.97,80.11,13.81,89.23,SC,JWL
https://www.screener.in/company/ATUL/consolidated/,7899.45,38.94,70.15,112.48,4.55,23257.37,8.74,6.35,39.23,18.83,13.59,0.05,3.2,-6.32,13.93,111.88,SC,ATUL
https://www.screener.in/company/LAURUSLABS/consolidated/,429.5,68.51,156.87,2.75,5.63,23156.89,6.6,3.97,31.6,21.75,20.7,0.63,17.07,11.37,15.47,12.51,SC,LAURUSLABS
https://www.screener.in/company/HSCL/consolidated/,464.9,5.7,51.31,9.58,7.52,22943.52,19.11,15.7,27.98,10.59,9.66,0.2,11.55,4.8,15.85,122.62,SC,HSCL
https://www.screener.in/company/VGUARD/,524.15,10.17,87.77,5.98,12.88,22791.62,16.1,13.79,50.62,20.79,15.68,0.2,12.18,6.9,8.15,81.88,SC,VGUARD
https://www.screener.in/company/JBMA/consolidated/,1909.35,27.18,124.02,15.4,19.34,22577.52,14.63,16.28,41.23,12.3,13.48,1.82,17.81,12.72,11.5,33.4,SC,JBMA
https://www.screener.in/company/GRSE/,1966.65,44.13,61.26,32.11,13.46,22528.37,28.42,23.14,15.6,22.42,17.46,0.04,20.98,26.49,6.35,87.19,SC,GRSE
https://www.screener.in/company/FINCABLES/consolidated/,1465.25,16.02,30.48,48.07,4.53,22409.44,18.52,13.99,15.32,18.63,14.06,0.0,10.25,9.71,11.28,243.92,SC,FINCABLES
https://www.screener.in/company/CESC/consolidated/,168.87,14.23,15.91,10.61,1.96,22384.91,11.6,12.09,7.63,12.37,12.93,1.27,7.48,2.64,11.19,378.0,SC,CESC
https://www.screener.in/company/RADICO/,1665.85,13.16,82.89,20.11,9.37,22282.89,13.16,11.29,45.32,15.7,13.24,0.34,14.75,6.34,12.45,76.31,SC,RADICO
https://www.screener.in/company/KAJARIACER/consolidated/,1380.3,11.93,54.36,25.39,8.4,21982.42,21.15,16.85,47.96,20.8,16.9,0.09,9.14,12.31,15.0,89.82,SC,KAJARIACER
https://www.screener.in/company/AARTIIND/consolidated/,603.25,75.85,45.18,13.35,4.13,21868.85,7.47,8.22,33.84,13.64,16.11,0.61,8.86,-3.07,15.85,137.0,SC,AARTIIND
https://www.screener.in/company/NUVAMA/consolidated/,6148.5,9.28,30.2,205.08,7.5,21821.62,16.54,24.28,28.12,14.76,,2.33,,,51.0,220.77,SC,NUVAMA
https://www.screener.in/company/AFFLE/consolidated/,1554.5,5.14,68.63,22.91,8.73,21801.25,16.25,15.0,65.51,29.23,21.17,0.07,49.18,43.52,19.76,86.59,SC,AFFLE
https://www.screener.in/company/FSL/consolidated/,307.7,5.62,41.39,7.44,5.86,21690.29,15.42,14.55,16.96,15.08,15.49,0.41,10.61,6.53,14.95,135.25,SC,FSL
https://www.screener.in/company/VINATIORGA/,2070.85,14.78,63.14,32.92,8.71,21467.6,18.6,13.81,50.2,27.18,20.07,0.0,10.99,2.72,24.92,86.0,SC,VINATIORGA
https://www.screener.in/company/SIGNATURE/consolidated/,1527.5,3.11,711.17,2.15,34.25,21463.01,1.6,4.8,1214.83,-1.7,,3.09,,,-1.28,6.77,SC,SIGNATURE
https://www.screener.in/company/PNBHOUSING/,824.6,72.52,13.27,62.13,1.43,21417.19,9.27,11.8,12.59,8.55,10.29,3.68,-1.28,7.15,90.12,438.71,SC,PNBHOUSING
https://www.screener.in/company/APLLTD/consolidated/,1089.45,18.0,34.0,32.05,4.44,21414.57,13.14,13.34,20.27,16.38,15.94,0.11,9.62,1.07,15.4,134.54,SC,APLLTD
https://www.screener.in/company/PEL/consolidated/,947.35,95.33,,-89.53,0.8,21360.63,3.91,1.25,12.58,6.69,3.44,2.02,-3.18,-27.21,35.79,105.57,SC,PEL
https://www.screener.in/company/SWANENERGY/consolidated/,680.1,15.06,58.37,12.85,3.4,21318.2,8.28,7.03,74.47,2.62,0.06,0.55,41.27,90.69,18.89,138.94,SC,SWANENERGY
https://www.screener.in/company/BIKAJI/,848.4,5.6,74.0,11.47,17.33,21242.42,29.6,24.74,75.57,18.57,16.57,0.11,20.56,39.5,17.62,60.55,SC,BIKAJI
https://www.screener.in/company/CAMS/consolidated/,4272.7,14.94,55.02,78.43,22.96,21030.48,48.39,39.78,44.0,47.31,38.46,0.11,9.84,20.93,45.14,106.95,SC,CAMS
https://www.screener.in/company/KEC/consolidated/,817.1,18.57,53.58,15.25,5.13,21006.69,16.05,8.8,25.08,17.49,11.83,0.97,12.6,-6.91,6.15,87.58,SC,KEC
https://www.screener.in/company/NXST/consolidated/,138.1,12.96,32.47,4.25,1.42,20922.15,8.32,7.45,34.04,8.32,,0.29,,,67.69,139.58,SC,NXST
https://www.screener.in/company/FIVESTAR/,710.75,23.33,23.0,30.93,4.0,20786.78,15.77,17.53,29.16,15.7,16.12,1.22,40.29,39.84,73.91,251.57,SC,FIVESTAR
https://www.screener.in/company/TEJASNET/consolidated/,1206.4,23.93,123.74,9.75,6.54,20633.86,3.68,2.06,73.6,-2.91,-2.66,0.6,22.37,-15.2,14.17,77.48,SC,TEJASNET
https://www.screener.in/company/DEVYANI/consolidated/,170.31,33.73,309.37,0.54,19.45,20543.54,8.73,-112.91,107.88,10.12,,2.75,22.1,,16.45,22.43,SC,DEVYANI
https://www.screener.in/company/ABSLAMC/consolidated/,708.75,3.34,24.56,28.86,6.44,20419.07,34.89,27.45,18.82,41.48,30.92,0.02,3.05,11.8,56.79,235.71,SC,ABSLAMC
https://www.screener.in/company/JYOTHYLAB/consolidated/,555.95,6.75,54.48,10.21,11.29,20414.96,26.99,21.21,31.96,18.15,15.36,0.03,8.74,12.62,17.63,101.69,SC,JYOTHYLAB
https://www.screener.in/company/PTCIL/consolidated/,14064.05,11.65,566.68,25.62,31.46,20309.72,10.9,9.23,204.59,10.9,,0.28,,,27.1,4.9,SC,PTCIL
https://www.screener.in/company/MINDSPACE/consolidated/,340.2,33.98,36.82,8.87,1.44,20174.48,6.52,3.76,45.74,4.69,3.03,0.54,11.43,2.6,71.79,128.27,SC,MINDSPACE
https://www.screener.in/company/CIEINDIA/consolidated/,531.3,18.29,24.87,26.14,3.25,20155.52,18.32,20.31,23.16,11.76,7.58,0.08,2.93,17.82,15.08,216.39,SC,CIEINDIA
https://www.screener.in/company/JINDALSAW/consolidated/,628.85,6.54,11.39,57.92,1.99,20107.74,21.38,17.73,10.99,11.92,8.76,0.57,11.58,26.72,16.53,416.43,SC,JINDALSAW
https://www.screener.in/company/ANANTRAJ/consolidated/,586.15,3.17,66.61,9.02,5.48,20039.93,8.56,8.05,39.63,3.74,3.67,0.17,33.52,45.38,23.02,91.0,SC,ANANTRAJ
https://www.screener.in/company/SHYAMMETL/consolidated/,711.1,8.61,18.0,41.69,2.06,19849.07,10.79,12.07,9.21,21.35,18.54,0.06,23.43,11.13,12.2,278.12,SC,SHYAMMETL
https://www.screener.in/company/KPIL/consolidated/,1221.15,16.93,41.41,30.04,3.86,19837.11,15.99,10.37,14.93,16.21,10.8,0.78,12.61,1.74,8.13,84.0,SC,KPIL
https://www.screener.in/company/CYIENT/consolidated/,1785.25,37.74,28.37,59.42,4.65,19802.96,21.88,18.84,20.99,18.8,16.12,0.18,9.13,8.69,17.55,143.9,SC,CYIENT
https://www.screener.in/company/GESHIP/consolidated/,1380.0,11.86,6.91,199.62,1.59,19701.87,18.51,21.01,7.54,12.02,14.97,0.25,8.18,193.64,57.31,811.94,SC,GESHIP
https://www.screener.in/company/SCHNEIDER/,823.4,19.02,104.21,7.76,66.47,19687.49,38.51,96.56,68.0,19.13,,1.85,9.68,138.07,14.23,48.48,SC,SCHNEIDER
https://www.screener.in/company/CHAMBLFERT/consolidated/,491.05,17.1,14.2,33.8,2.7,19674.03,20.21,16.98,9.39,18.74,23.19,0.26,12.22,11.59,12.49,448.32,SC,CHAMBLFERT
https://www.screener.in/company/ASTERDM/consolidated/,391.1,42.75,103.86,105.49,4.67,19535.96,4.48,3.13,29.16,7.09,9.23,0.42,-14.22,-23.48,13.39,80.89,SC,ASTERDM
https://www.screener.in/company/ANGELONE/consolidated/,2160.15,80.56,16.25,140.26,5.97,19460.37,38.7,43.29,20.37,31.81,41.68,0.84,40.6,69.77,37.82,292.74,SC,ANGELONE
https://www.screener.in/company/NCC/consolidated/,309.85,17.64,25.35,11.9,2.93,19453.83,22.14,11.44,12.73,15.51,8.21,0.15,10.08,3.4,8.36,209.92,SC,NCC
https://www.screener.in/company/CELLO/consolidated/,879.5,16.54,57.78,16.18,16.24,19426.84,36.28,44.21,59.39,45.86,,0.32,,,25.34,82.58,SC,CELLO
https://www.screener.in/company/RELAXO/,778.0,86.12,102.73,7.57,9.68,19367.42,13.86,10.49,102.5,18.63,13.79,0.1,4.92,2.88,13.61,44.37,SC,RELAXO
https://www.screener.in/company/CREDITACC/,1211.5,48.25,12.9,94.0,2.94,19316.55,14.76,24.77,28.9,11.31,15.44,3.32,31.9,35.05,71.05,397.66,SC,CREDITACC
https://www.screener.in/company/TITAGARH/consolidated/,1427.95,32.84,65.5,21.94,8.67,19230.74,24.97,18.13,47.15,11.64,7.36,0.07,19.83,84.46,11.46,66.96,SC,TITAGARH
https://www.screener.in/company/TECHNOE/consolidated/,1647.25,7.88,64.62,31.71,8.2,19157.45,16.53,13.12,16.48,13.61,11.81,0.0,8.79,6.78,15.0,53.27,SC,TECHNOE
https://www.screener.in/company/BLUEDART/consolidated/,8051.85,19.72,65.18,123.55,13.97,19107.04,19.22,22.74,51.3,21.43,29.29,0.78,10.66,26.28,16.09,53.42,SC,BLUEDART
https://www.screener.in/company/ELGIEQUIP/consolidated/,600.55,33.04,58.7,10.23,11.81,19031.97,22.28,20.62,56.82,17.29,17.33,0.4,11.55,24.43,15.51,72.84,SC,ELGIEQUIP
https://www.screener.in/company/RAMCOCEM/consolidated/,804.95,40.72,59.68,13.66,2.63,19020.36,8.1,5.02,31.36,10.15,9.75,0.68,12.68,-7.05,16.71,36.57,SC,RAMCOCEM
https://www.screener.in/company/HFCL/consolidated/,131.71,11.04,51.12,2.6,4.8,19001.44,13.26,9.34,29.16,17.69,11.63,0.25,-1.18,8.28,13.39,110.65,SC,HFCL
https://www.screener.in/company/TRIDENT/consolidated/,37.09,91.16,57.39,0.65,4.38,18901.32,10.43,8.16,28.74,13.21,12.7,0.49,5.34,-1.21,13.24,73.73,SC,TRIDENT
https://www.screener.in/company/POLYMED/consolidated/,1951.95,14.58,69.48,28.1,12.74,18733.14,23.43,19.05,57.7,20.99,17.23,0.12,17.66,31.89,26.04,74.04,SC,POLYMED
https://www.screener.in/company/IFCI/consolidated/,71.64,69.18,118.56,0.71,3.47,18723.77,10.25,2.49,83.08,2.53,-19.1,1.18,-6.78,16.6,69.08,-87.97,SC,IFCI
https://www.screener.in/company/WELCORP/consolidated/,706.7,0.61,15.54,45.55,3.29,18531.43,21.62,21.49,13.18,18.01,14.42,0.35,14.13,94.24,9.55,247.94,SC,WELCORP
https://www.screener.in/company/KIMS/consolidated/,2312.45,1.93,58.57,39.48,10.12,18506.03,16.87,17.63,44.33,24.63,22.55,0.74,22.17,53.2,25.68,86.6,SC,KIMS
https://www.screener.in/company/RRKABEL/,1634.2,16.47,64.32,25.46,10.11,18475.71,21.71,20.75,64.29,17.05,22.94,0.2,22.53,27.92,6.52,63.89,SC,RRKABEL
https://www.screener.in/company/KIRLOSENG/consolidated/,1269.9,14.18,38.73,32.81,6.88,18421.01,14.97,17.7,13.9,12.66,12.45,1.55,10.21,18.54,18.09,150.96,SC,KIRLOSENG
https://www.screener.in/company/BATAINDIA/consolidated/,1421.15,59.17,51.54,25.65,11.96,18265.69,18.66,19.76,66.87,14.37,11.31,0.89,3.48,-2.37,21.11,174.06,SC,BATAINDIA
https://www.screener.in/company/ZENSARTECH/consolidated/,797.6,5.25,27.11,29.43,5.07,18079.32,25.15,19.96,20.93,19.82,15.29,0.05,4.33,17.21,16.88,157.9,SC,ZENSARTECH
https://www.screener.in/company/GSPL/consolidated/,318.65,27.82,10.77,30.12,1.66,17978.6,21.28,16.06,9.39,27.35,23.11,0.01,13.1,10.06,19.42,374.97,SC,GSPL
https://www.screener.in/company/MGL/,1817.9,5.18,14.9,122.01,3.49,17956.81,36.6,27.79,13.31,29.95,23.12,0.03,17.48,18.73,27.63,284.53,SC,MGL
https://www.screener.in/company/FINPIPE/,286.0,24.44,33.9,13.69,3.2,17745.64,11.51,8.79,20.28,19.41,13.92,0.07,6.91,4.61,14.92,179.0,SC,FINPIPE
https://www.screener.in/company/HBLPOWER/consolidated/,639.0,7.14,54.06,11.16,14.51,17712.76,34.42,27.7,37.15,14.38,12.0,0.06,12.02,66.1,19.95,80.02,SC,HBLPOWER
https://www.screener.in/company/KARURVYSYA/,216.99,7.26,10.24,21.21,1.74,17459.27,6.89,17.17,9.8,5.72,10.48,9.12,7.12,50.07,60.19,458.65,SC,KARURVYSYA
https://www.screener.in/company/TTML/,89.26,226.07,,-6.4,,17449.71,47.91,,,81.91,,,-1.38,-4.76,44.1,-324.93,SC,TTML
https://www.screener.in/company/IEX/,194.82,63.59,48.16,4.05,18.32,17371.96,50.01,37.66,41.95,55.14,41.52,0.01,12.07,16.35,84.7,93.42,SC,IEX
https://www.screener.in/company/SOBHA/consolidated/,1718.5,26.76,401.7,4.03,7.31,17321.11,7.12,1.97,53.71,11.78,5.3,0.77,-2.09,-30.16,9.46,6.06,SC,SOBHA
https://www.screener.in/company/SONATSOFTW/consolidated/,615.65,41.31,41.77,10.48,12.28,17264.35,35.51,30.34,22.7,41.76,34.65,0.54,23.81,11.2,7.95,105.63,SC,SONATSOFTW
https://www.screener.in/company/IDFC/consolidated/,107.83,27.05,19.89,5.42,1.29,17252.63,8.49,8.37,23.02,-6.15,-6.17,0.0,-28.69,30.77,57.87,85.82,SC,IDFC
https://www.screener.in/company/KFINTECH/consolidated/,1005.45,8.49,63.62,15.85,15.07,17225.36,30.26,24.47,38.82,23.31,17.11,0.04,38.82,93.97,44.08,68.07,SC,KFINTECH
https://www.screener.in/company/IIFL/consolidated/,404.95,68.92,10.56,38.37,1.61,17177.61,11.8,17.97,11.63,10.96,17.25,4.43,15.54,19.58,60.61,288.06,SC,IIFL
https://www.screener.in/company/TBOTEK/consolidated/,1575.9,23.02,83.97,19.39,,17112.35,42.93,46.05,116.69,31.25,31.84,0.39,25.87,45.96,19.15,60.92,SC,TBOTEK
https://www.screener.in/company/CONCORDBIO/,1634.2,10.08,54.36,30.06,11.21,17096.38,27.87,20.89,53.09,26.5,20.6,0.01,18.46,20.28,42.46,58.24,SC,CONCORDBIO
https://www.screener.in/company/MANAPPURAM/consolidated/,201.78,14.18,7.6,26.55,1.48,17079.36,13.75,20.65,7.87,13.67,20.97,2.97,16.18,18.41,67.54,554.62,SC,MANAPPURAM
https://www.screener.in/company/WELSPUNLIV/consolidated/,175.56,10.39,24.74,7.25,3.78,17061.07,16.12,15.64,18.9,12.77,13.5,0.58,8.2,13.17,13.93,185.51,SC,WELSPUNLIV
https://www.screener.in/company/CHALET/consolidated/,780.35,22.89,68.04,12.01,8.66,17019.45,10.06,16.36,64.24,4.91,4.32,1.62,7.5,135.04,41.91,60.65,SC,CHALET
https://www.screener.in/company/DCMSHRIRAM/consolidated/,1085.3,16.45,34.48,31.47,2.59,16924.42,8.99,6.6,14.29,17.48,14.69,0.33,7.05,-13.92,9.73,100.3,SC,DCMSHRIRAM
https://www.screener.in/company/RKFORGE/consolidated/,932.5,7.07,49.04,19.47,6.28,16858.87,18.66,17.05,24.07,12.53,13.78,0.45,15.42,23.22,21.01,80.9,SC,RKFORGE
https://www.screener.in/company/AADHARHFC/consolidated/,394.4,23.47,22.44,18.99,,16821.89,11.36,18.4,22.25,10.24,15.76,3.14,15.37,34.27,76.04,200.14,SC,AADHARHFC
https://www.screener.in/company/AKUMS/consolidated/,1066.65,0.0,,-0.28,,16788.43,2.4,-3.57,,2.94,,0.8,,,2.95,,SC,AKUMS
https://www.screener.in/company/NHIT/consolidated/,127.75,3.61,65.41,3.0,1.17,16763.36,2.82,2.7,32.17,3.27,,0.82,,,79.05,59.95,SC,NHIT
https://www.screener.in/company/CGCL/consolidated/,203.19,42.43,57.5,3.53,4.37,16761.96,9.49,7.55,60.08,10.17,9.05,2.71,31.47,15.7,55.52,75.72,SC,CGCL
https://www.screener.in/company/CLEAN/consolidated/,1577.35,71.49,66.77,23.62,13.93,16761.14,29.57,22.05,63.26,48.06,32.55,0.0,15.01,20.08,42.37,65.93,SC,CLEAN
https://www.screener.in/company/ASTRAZEN/,6637.2,14.09,126.65,38.34,23.31,16593.0,31.13,22.92,96.14,28.44,20.54,0.01,12.21,22.33,11.19,35.02,SC,ASTRAZEN
https://www.screener.in/company/BSOFT/consolidated/,600.65,43.49,26.06,23.07,5.44,16582.74,29.76,22.48,24.08,22.3,16.91,0.03,15.66,18.23,15.69,150.21,SC,BSOFT
https://www.screener.in/company/NAVINFLUOR/consolidated/,3324.9,48.88,75.52,52.47,6.92,16487.86,10.43,10.07,61.04,18.57,17.18,0.57,15.7,9.35,18.33,51.2,SC,NAVINFLUOR
https://www.screener.in/company/INDIAMART/consolidated/,2748.7,81.03,45.18,60.84,9.5,16486.47,23.93,17.65,54.97,37.5,19.83,0.02,18.72,75.62,26.69,114.0,SC,INDIAMART
https://www.screener.in/company/ERIS/consolidated/,1209.65,1.27,43.56,27.96,6.36,16460.31,11.34,16.39,24.05,21.07,20.51,1.08,15.39,6.23,33.38,83.18,SC,ERIS
https://www.screener.in/company/DATAPATTNS/,2920.35,25.16,86.66,33.7,12.35,16349.28,19.71,14.26,67.09,26.39,16.67,0.0,31.73,87.32,43.24,32.79,SC,DATAPATTNS
https://www.screener.in/company/JAIBALAJI/consolidated/,916.4,43.39,17.72,55.63,9.97,16262.25,61.05,85.39,12.94,17.8,,0.31,15.82,51.13,15.29,208.82,SC,JAIBALAJI
https://www.screener.in/company/FINEORG/,5269.8,39.07,45.8,114.92,8.68,16157.19,29.04,21.74,43.67,36.11,29.59,0.0,13.32,23.31,23.39,99.0,SC,FINEORG
https://www.screener.in/company/SPLPETRO/,859.1,7.86,40.47,21.23,8.0,16154.63,22.46,16.8,14.83,43.22,31.49,0.06,10.47,45.91,9.59,121.95,SC,SPLPETRO
https://www.screener.in/company/GRANULES/consolidated/,662.35,5.31,32.62,20.3,4.98,16053.29,15.4,13.43,16.87,18.96,18.67,0.41,14.61,11.45,20.81,134.65,SC,GRANULES
https://www.screener.in/company/LAXMIMACH/consolidated/,15012.5,18.53,55.14,272.28,5.93,16037.85,18.08,14.01,45.38,12.27,9.85,0.0,11.61,11.8,8.13,11.02,SC,LAXMIMACH
https://www.screener.in/company/CENTURYPLY/consolidated/,719.25,18.11,57.42,12.33,7.23,15979.79,18.02,15.77,39.38,21.88,18.24,0.35,11.25,16.71,12.47,40.38,SC,CENTURYPLY
https://www.screener.in/company/KSB/consolidated/,915.75,15.75,73.21,12.51,11.79,15937.64,23.29,17.06,30.97,20.14,14.8,0.0,15.5,23.95,12.85,68.1,SC,KSB
https://www.screener.in/company/BBTC/consolidated/,2283.85,5.61,14.31,155.53,3.41,15934.86,28.31,16.33,15.74,21.29,-6.49,0.46,8.41,2.78,17.77,238.44,SC,BBTC
https://www.screener.in/company/REDINGTON/consolidated/,202.72,17.18,13.37,15.55,2.1,15848.13,19.46,16.78,9.66,21.43,18.64,0.39,13.93,17.83,2.05,217.04,SC,REDINGTON
https://www.screener.in/company/534618/consolidated/,1520.6,99.77,97.62,15.6,68.19,15836.94,103.33,91.51,58.19,43.5,71.69,0.18,162.44,143.97,23.61,28.16,SC,534618
https://www.screener.in/company/KIRLOSBROS/consolidated/,1985.95,35.18,45.25,44.03,9.17,15770.22,27.3,21.68,20.85,17.49,15.11,0.11,3.62,155.16,12.61,65.1,SC,KIRLOSBROS
https://www.screener.in/company/NSLNISP/,53.8,36.99,,,,15766.66,-8.69,-9.59,,-86.23,,0.43,,,-36.24,-547.25,SC,NSLNISP
https://www.screener.in/company/RITES/consolidated/,655.45,26.04,36.94,17.74,6.04,15750.59,24.76,17.47,14.16,27.88,20.23,0.0,3.68,-0.61,24.58,79.02,SC,RITES
https://www.screener.in/company/BEML/consolidated/,3732.05,47.08,54.28,68.83,5.82,15540.26,15.18,11.07,46.01,8.22,5.93,0.03,3.14,34.88,10.59,-70.47,SC,BEML
https://www.screener.in/company/ASAHIINDIA/consolidated/,638.45,13.09,51.92,12.43,6.59,15520.72,14.97,14.74,38.57,15.64,15.47,0.84,8.3,11.59,16.1,76.69,SC,ASAHIINDIA
https://www.screener.in/company/GRINFRA/consolidated/,1604.5,41.91,16.24,120.93,2.04,15513.75,17.0,15.71,11.62,21.05,22.28,0.5,11.2,8.91,22.07,186.44,SC,GRINFRA
https://www.screener.in/company/SANOFI/,6720.5,12.19,31.49,230.39,22.58,15477.31,71.1,51.54,20.65,41.43,27.46,0.03,0.57,9.12,27.22,92.81,SC,SANOFI
https://www.screener.in/company/SWSOLAR/consolidated/,663.15,24.86,,-5.35,15.96,15469.81,3.77,-56.67,12.84,-23.7,-68.03,0.53,-18.11,,1.14,4.19,SC,SWSOLAR
https://www.screener.in/company/BLS/consolidated/,375.3,14.58,43.13,8.7,12.8,15452.64,30.63,31.13,32.83,23.27,24.7,0.03,15.84,33.11,22.33,114.18,SC,BLS
https://www.screener.in/company/GODREJAGRO/consolidated/,795.95,10.29,40.74,20.26,6.08,15302.99,13.71,14.9,29.93,14.04,15.52,0.56,10.07,7.62,7.81,131.63,SC,GODREJAGRO
https://www.screener.in/company/GRAVITA/consolidated/,2216.55,4.28,60.14,36.86,18.27,15302.6,27.55,33.54,18.97,25.9,34.41,0.65,20.55,72.88,9.3,67.33,SC,GRAVITA
https://www.screener.in/company/PCBL/consolidated/,404.6,3.79,30.58,13.24,4.7,15272.14,14.16,16.15,10.69,16.62,16.84,1.53,12.72,5.41,16.42,117.92,SC,PCBL
https://www.screener.in/company/RAILTEL/,475.4,30.0,57.13,7.99,8.35,15257.41,20.25,15.24,24.71,16.72,12.54,0.02,21.1,14.79,17.49,61.38,SC,RAILTEL
https://www.screener.in/company/NEWGEN/,1085.85,6.55,60.32,18.01,13.27,15233.59,26.58,22.72,21.5,24.08,20.16,0.04,15.53,19.65,23.65,42.39,SC,NEWGEN
https://www.screener.in/company/APTUS/consolidated/,302.55,30.54,23.54,12.86,4.01,15096.46,14.68,17.22,26.94,14.12,16.12,1.38,33.24,40.52,83.46,171.75,SC,APTUS
https://www.screener.in/company/ANANDRATHI/consolidated/,3602.1,19.37,61.46,58.67,23.22,15066.97,50.74,40.28,35.61,44.95,38.52,0.08,21.81,30.94,41.77,73.24,SC,ANANDRATHI
https://www.screener.in/company/HONASA/,464.45,10.02,117.51,5.56,13.39,15059.52,17.1,,112.41,-230.97,,0.1,153.54,96.68,8.0,34.79,SC,HONASA
https://www.screener.in/company/ACE/consolidated/,1264.05,34.09,43.66,28.95,12.24,15052.71,42.3,30.58,27.08,25.37,20.67,0.0,16.76,42.59,14.02,84.18,SC,ACE
https://www.screener.in/company/MMTC/consolidated/,99.8,1801.52,61.9,1.4,9.21,14970.0,9.18,9.94,74.4,9.52,,0.1,-82.15,5.41,-72.02,66.21,SC,MMTC
https://www.screener.in/company/NEULANDLAB/consolidated/,11665.15,2.04,46.69,261.94,11.67,14966.26,33.26,26.39,27.09,16.55,14.27,0.07,18.51,78.6,29.91,82.32,SC,NEULANDLAB
https://www.screener.in/company/PVRINOX/consolidated/,1500.05,47.65,,-13.15,2.01,14729.04,4.82,-0.44,57.27,2.1,-9.79,1.13,14.63,,28.52,-178.7,SC,PVRINOX
https://www.screener.in/company/CHENNPETRO/,981.6,29.89,5.83,168.26,1.7,14617.14,35.44,36.46,3.44,18.16,32.58,0.32,9.94,71.2,6.09,342.6,SC,CHENNPETRO
https://www.screener.in/company/AKZOINDIA/,3189.2,5.63,33.67,94.73,10.93,14523.72,42.29,32.33,33.81,30.92,23.69,0.05,6.3,17.15,15.98,114.6,SC,AKZOINDIA
https://www.screener.in/company/WOCKPHARMA/consolidated/,937.5,113.25,,-23.03,4.28,14381.34,-0.83,-12.1,8.74,2.53,-0.11,0.7,-4.73,,4.87,-14.0,SC,WOCKPHARMA
https://www.screener.in/company/ZENTEC/consolidated/,1702.85,4.82,93.17,18.75,31.9,14311.48,46.34,33.12,71.94,21.37,18.15,0.0,36.68,56.86,39.72,76.81,SC,ZENTEC
https://www.screener.in/company/VTL/consolidated/,493.2,20.08,19.44,25.37,1.57,14262.1,8.8,7.15,11.81,12.21,10.94,0.2,6.68,-0.7,11.65,238.5,SC,VTL
https://www.screener.in/company/ZYDUSWELL/consolidated/,2225.3,11.63,46.55,47.81,2.64,14160.06,5.33,5.32,35.72,6.04,5.98,0.06,22.53,11.39,14.07,147.7,SC,ZYDUSWELL
https://www.screener.in/company/VOLTAMP/,13939.95,4.73,41.97,332.13,10.42,14103.21,31.56,24.28,16.52,21.07,17.21,0.0,14.29,29.24,20.33,79.44,SC,VOLTAMP
https://www.screener.in/company/AMBER/consolidated/,4143.5,17.97,86.76,47.37,6.76,13961.0,10.18,6.74,72.93,11.07,8.22,0.75,19.58,7.42,7.38,72.37,SC,AMBER
https://www.screener.in/company/DOMS/consolidated/,2289.75,11.17,81.57,28.54,17.06,13895.86,30.69,26.59,0.68,18.57,,0.21,,,18.52,51.84,SC,DOMS
https://www.screener.in/company/JUBLPHARMA/consolidated/,853.9,16.99,58.1,34.7,2.5,13602.63,6.74,0.76,13.2,9.25,7.12,0.67,-5.95,-43.94,14.35,106.58,SC,JUBLPHARMA
https://www.screener.in/company/ELECON/consolidated/,605.55,18.36,38.17,15.86,8.47,13588.54,31.32,24.47,18.88,18.47,16.71,0.04,9.6,55.11,24.37,73.36,SC,ELECON
https://www.screener.in/company/EIDPARRY/consolidated/,761.2,12.97,15.32,49.69,1.91,13512.64,20.29,13.53,9.93,22.61,14.94,0.25,12.18,41.15,8.21,91.33,SC,EIDPARRY
https://www.screener.in/company/NAVA/consolidated/,930.55,7.46,14.0,71.56,1.95,13502.34,16.27,17.85,4.29,14.6,15.31,0.06,5.32,31.34,43.54,355.92,SC,NAVA
https://www.screener.in/company/GPIL/consolidated/,988.6,23.81,13.56,72.89,2.99,13439.52,29.67,22.27,5.03,32.14,29.28,0.01,10.62,29.97,26.11,286.51,SC,GPIL
https://www.screener.in/company/IWEL/consolidated/,11077.65,0.0,,-16.97,7.21,13345.88,4.15,-4.6,,-5.68,,1.12,,,18.29,9.5,SC,IWEL
https://www.screener.in/company/AAVAS/,1680.1,98.8,26.22,64.08,3.52,13296.26,9.91,13.93,44.48,9.81,13.57,3.29,23.23,22.76,74.18,126.1,SC,AAVAS
https://www.screener.in/company/UTIAMC/consolidated/,1040.85,16.88,16.88,61.75,3.02,13257.7,22.6,18.57,19.96,18.21,14.72,0.0,10.58,17.11,60.28,254.17,SC,UTIAMC
https://www.screener.in/company/INDGN/consolidated/,552.2,19.52,39.44,15.14,,13212.43,29.02,26.87,46.99,40.1,,0.34,36.16,88.46,19.52,87.7,SC,INDGN
https://www.screener.in/company/OLECTRA/consolidated/,1608.4,38.15,159.52,10.08,14.45,13201.87,14.79,8.76,150.67,8.05,4.82,0.13,46.66,46.55,13.4,24.0,SC,OLECTRA
https://www.screener.in/company/TTKPRESTIG/consolidated/,950.2,33.61,60.19,16.03,6.31,13171.1,14.55,11.19,43.13,19.44,14.85,0.09,4.91,3.22,11.11,40.79,SC,TTKPRESTIG
https://www.screener.in/company/CERA/,10101.5,6.87,56.89,176.67,9.79,13137.88,24.62,19.05,40.98,21.49,16.96,0.03,6.85,15.82,15.3,46.97,SC,CERA
https://www.screener.in/company/INTELLECT/consolidated/,953.8,25.71,43.32,22.09,5.35,13089.08,20.32,14.66,32.25,17.5,15.02,0.02,11.57,20.21,19.9,74.46,SC,INTELLECT
https://www.screener.in/company/PRAJIND/consolidated/,711.85,6.56,45.63,16.81,10.27,13084.73,29.29,23.34,37.11,21.88,17.76,0.13,24.88,35.52,11.79,62.05,SC,PRAJIND
https://www.screener.in/company/NETWEB/,2310.0,20.06,150.96,15.34,30.8,13020.73,38.43,29.32,134.18,44.27,40.3,0.02,41.02,95.08,14.0,15.44,SC,NETWEB
https://www.screener.in/company/CRAFTSMAN/consolidated/,5430.65,7.54,45.75,131.15,6.92,12955.13,19.99,20.02,32.04,17.03,15.91,1.06,19.62,25.63,18.88,53.19,SC,CRAFTSMAN
https://www.screener.in/company/RHIM/consolidated/,627.35,42.37,57.69,-3.6,3.37,12954.87,8.41,4.04,31.31,22.79,12.62,0.13,38.28,8.95,15.19,72.88,SC,RHIM
https://www.screener.in/company/ZEEL/consolidated/,134.41,360.79,32.01,3.26,1.19,12910.34,6.62,3.01,25.18,11.57,5.72,0.02,1.71,-27.15,11.64,144.93,SC,ZEEL
https://www.screener.in/company/BIRET/consolidated/,267.74,28.86,212.46,1.31,1.13,12851.93,4.8,-0.04,63.89,4.15,,1.07,,,71.26,37.35,SC,BIRET
https://www.screener.in/company/PGEL/consolidated/,490.1,1.0,69.21,7.09,12.29,12790.55,18.66,18.81,47.29,16.37,,0.42,,,9.64,83.7,SC,PGEL
https://www.screener.in/company/INGERRAND/,4012.2,24.62,54.94,73.02,21.83,12665.71,51.35,38.4,42.68,35.74,27.26,0.01,10.43,22.38,24.59,61.86,SC,INGERRAND
https://www.screener.in/company/SCI/,271.0,41.99,16.79,16.14,1.81,12623.18,7.95,9.18,7.19,7.72,8.89,0.42,5.43,41.68,29.3,286.92,SC,SCI
https://www.screener.in/company/WESTLIFE/consolidated/,805.7,27.21,288.03,2.8,21.36,12563.78,11.05,11.99,155.95,7.25,4.03,2.32,11.27,31.4,14.36,3.25,SC,WESTLIFE
https://www.screener.in/company/ALOKINDS/consolidated/,25.3,285.69,,-1.67,,12562.06,-4.4,,,-2.48,,,10.45,12.85,1.1,-206.87,SC,ALOKINDS
https://www.screener.in/company/RBLBANK/,207.11,245.98,10.04,20.71,0.85,12559.52,6.23,8.23,14.4,5.67,4.93,7.95,14.49,6.13,37.71,371.52,SC,RBLBANK
https://www.screener.in/company/RPOWER/consolidated/,31.23,1100.58,,-4.91,1.08,12545.0,1.43,-17.58,16.1,4.65,-7.08,1.62,-0.76,,15.09,-98.28,SC,RPOWER
https://www.screener.in/company/MINDACORP/consolidated/,517.45,3.58,50.25,10.3,6.26,12371.17,15.2,12.79,28.55,9.29,8.7,0.27,8.51,7.65,11.15,64.2,SC,MINDACORP
https://www.screener.in/company/RAYMOND/consolidated/,1849.85,28.7,22.5,1192.03,2.67,12315.14,30.93,44.5,10.77,14.11,19.37,0.91,6.5,57.76,14.28,57.04,SC,RAYMOND
https://www.screener.in/company/ECLERX/consolidated/,2487.35,13.7,23.57,105.4,5.43,12194.32,32.3,25.88,17.02,29.6,23.81,0.12,15.38,17.68,25.6,111.61,SC,ECLERX
https://www.screener.in/company/CUB/,164.56,51.53,11.58,14.22,1.45,12188.5,6.57,12.81,15.68,6.2,11.89,7.19,6.95,8.33,70.6,264.49,SC,CUB
https://www.screener.in/company/TANLA/consolidated/,906.3,131.35,21.99,41.21,6.28,12186.1,38.28,31.71,29.06,32.45,29.77,0.04,31.37,86.79,18.38,141.22,SC,TANLA
https://www.screener.in/company/RAINBOW/consolidated/,1196.95,37.77,56.39,21.24,9.65,12154.51,19.08,18.23,51.14,18.58,19.88,0.61,19.03,36.52,32.46,39.53,SC,RAINBOW
https://www.screener.in/company/MAPMYINDIA/consolidated/,2246.55,22.31,88.31,25.44,18.43,12147.54,26.15,20.59,71.05,20.13,19.73,0.04,22.91,44.01,40.16,35.82,SC,MAPMYINDIA
https://www.screener.in/company/JPPOWER/consolidated/,17.66,715.4,7.67,1.72,1.06,12103.21,13.97,12.84,28.59,6.36,0.19,0.37,11.69,39.84,36.78,348.54,SC,JPPOWER
https://www.screener.in/company/ENGINERSIN/consolidated/,215.2,41.26,30.4,7.08,5.36,12095.15,22.55,21.12,18.52,24.99,16.49,0.01,5.79,3.86,8.98,91.6,SC,ENGINERSIN
https://www.screener.in/company/KPIGREEN/consolidated/,1001.2,11.67,61.64,16.45,14.45,12070.99,21.63,29.61,22.01,18.49,31.33,1.24,97.25,101.2,33.8,67.21,SC,KPIGREEN
https://www.screener.in/company/STAR/consolidated/,1312.85,7.4,115.82,0.48,5.68,12067.29,7.91,0.11,33.84,3.2,-1.03,1.18,13.21,-61.86,15.18,71.21,SC,STAR
https://www.screener.in/company/CAPLIPOINT/consolidated/,1585.5,4.38,25.25,62.88,5.2,12051.43,26.53,22.97,18.15,28.3,25.37,0.0,21.17,21.14,32.81,123.97,SC,CAPLIPOINT
https://www.screener.in/company/J&KBANK/consolidated/,109.38,82.4,6.48,17.11,0.99,12044.73,5.9,16.03,4.94,4.54,6.64,11.29,7.88,30.73,69.29,418.5,SC,J&KBANK
https://www.screener.in/company/DEEPAKFERT/consolidated/,950.45,11.74,22.72,41.83,2.22,11998.27,11.64,8.45,10.64,15.24,15.57,0.77,5.17,50.42,17.01,195.55,SC,DEEPAKFERT
https://www.screener.in/company/INDINFR/consolidated/,115.0,17.48,,-1.51,1.95,11987.73,9.19,-4.64,,3.94,-9.34,1.38,31.11,9.14,59.01,,SC,INDINFR
https://www.screener.in/company/AETHER/,902.8,34.12,121.1,6.65,5.78,11966.64,7.85,5.96,90.8,24.2,15.26,0.07,24.25,33.43,21.18,32.54,SC,AETHER
https://www.screener.in/company/GLS/,975.75,6.28,26.75,36.48,5.13,11955.59,28.08,21.07,12.83,76.63,30.86,0.01,20.83,19.14,27.93,111.48,SC,GLS
https://www.screener.in/company/ELECTCAST/consolidated/,200.98,11.68,13.41,14.98,2.34,11950.38,16.25,15.93,6.78,10.36,8.96,0.46,22.6,32.77,17.57,225.93,SC,ELECTCAST
https://www.screener.in/company/SARDAEN/consolidated/,337.15,0.52,21.87,15.64,3.06,11880.53,15.54,14.39,5.66,17.24,18.27,0.35,10.73,21.18,22.54,198.23,SC,SARDAEN
https://www.screener.in/company/NUVOCO/consolidated/,332.25,73.94,87.41,3.8,1.32,11866.51,5.42,1.61,77.02,5.03,2.2,0.49,8.76,67.14,14.9,2.84,SC,NUVOCO
https://www.screener.in/company/GENUSPOWER/,388.65,4.95,120.11,3.38,7.55,11805.42,9.74,5.9,37.61,9.26,5.72,0.38,2.61,0.63,12.65,42.38,SC,GENUSPOWER
https://www.screener.in/company/PNCINFRA/consolidated/,459.8,25.01,9.05,50.83,2.28,11795.67,16.06,19.21,13.17,16.79,18.16,1.55,18.04,22.36,29.07,575.17,SC,PNCINFRA
https://www.screener.in/company/SAFARI/consolidated/,2399.6,3.14,68.72,35.34,14.21,11702.18,31.02,27.96,57.68,18.08,19.46,0.18,21.83,44.73,16.8,44.41,SC,SAFARI
https://www.screener.in/company/HAPPSTMNDS/,766.1,106.34,50.5,15.24,7.92,11665.77,21.81,21.28,61.31,28.4,30.16,0.35,20.06,48.4,18.01,43.84,SC,HAPPSTMNDS
https://www.screener.in/company/SYMPHONY/consolidated/,1687.35,31.14,54.88,30.74,15.53,11635.46,18.84,18.04,54.34,19.18,17.77,0.23,6.5,6.44,18.27,88.0,SC,SYMPHONY
https://www.screener.in/company/LTFOODS/consolidated/,330.45,0.62,18.84,17.54,3.4,11474.97,21.13,19.36,8.92,15.88,16.87,0.27,14.84,35.87,11.97,153.17,SC,LTFOODS
https://www.screener.in/company/GMDCLTD/consolidated/,360.05,40.54,19.65,18.32,1.87,11449.59,13.78,10.36,7.7,13.78,11.7,0.0,5.55,13.39,23.39,184.05,SC,GMDCLTD
https://www.screener.in/company/HAPPYFORGE/,1207.85,7.63,46.86,26.08,7.06,11378.54,22.7,18.69,42.17,21.39,18.88,0.09,12.6,20.55,28.01,63.86,SC,HAPPYFORGE
https://www.screener.in/company/BAJAJELEC/,985.55,48.46,85.63,11.13,7.88,11356.78,12.73,7.74,60.27,12.55,8.07,0.15,-6.97,-4.97,5.54,28.11,SC,BAJAJELEC
https://www.screener.in/company/INDIACEM/consolidated/,364.95,5.63,,-2.63,2.03,11309.7,-0.73,-4.72,48.13,1.92,-0.84,0.47,-2.39,,1.41,-160.91,SC,INDIACEM
https://www.screener.in/company/TEGA/consolidated/,1680.05,17.34,53.43,31.45,9.38,11178.3,19.2,17.28,29.21,19.54,19.24,0.26,18.69,41.76,21.79,36.74,SC,TEGA
https://www.screener.in/company/PURVA/consolidated/,468.75,21.51,148.65,3.17,5.9,11115.94,9.9,2.17,19.2,9.63,3.39,1.77,1.28,-18.12,20.76,14.78,SC,PURVA
https://www.screener.in/company/CANFINHOME/,834.55,12.4,14.49,57.59,2.56,11112.38,9.26,18.79,15.27,8.56,18.4,7.34,15.33,20.4,90.66,199.64,SC,CANFINHOME
https://www.screener.in/company/GPPL/consolidated/,229.5,14.16,26.96,7.94,4.8,11094.95,22.69,16.45,18.23,17.59,12.91,0.03,7.08,9.95,60.22,109.68,SC,GPPL
https://www.screener.in/company/RTNINDIA/consolidated/,79.83,18.81,9.62,7.95,13.15,11034.66,36.04,75.48,20.31,-12.25,13.84,1.41,,18.74,14.64,851.24,SC,RTNINDIA
https://www.screener.in/company/ISGEC/consolidated/,1497.55,6.26,42.6,35.15,4.37,11011.41,12.31,9.98,23.91,11.24,9.11,0.32,4.26,12.47,8.15,65.45,SC,ISGEC
https://www.screener.in/company/FORCEMOT/consolidated/,8288.15,24.01,25.1,330.34,4.84,10923.78,23.82,18.83,25.92,4.95,3.24,0.23,13.87,22.11,12.98,115.73,SC,FORCEMOT
https://www.screener.in/company/INDIGRID/consolidated/,138.79,10.96,34.49,4.06,2.06,10876.6,7.08,4.56,24.64,7.91,7.65,3.65,33.89,8.81,86.21,134.16,SC,INDIGRID
https://www.screener.in/company/JUSTDIAL/,1275.95,48.49,57.44,49.47,2.7,10850.71,4.81,3.63,58.45,9.79,4.71,0.02,3.19,-7.55,24.19,68.96,SC,JUSTDIAL
https://www.screener.in/company/533095/consolidated/,9565.7,8.61,8.04,3401.22,1.19,10805.73,14.12,22.29,4.46,10.11,17.99,0.05,0.6,33.7,15.49,248.4,SC,533095
https://www.screener.in/company/INOXINDIA/consolidated/,1189.0,26.76,56.33,21.11,16.63,10791.78,43.06,32.71,61.56,35.63,30.69,0.02,11.72,0.25,22.22,52.64,SC,INOXINDIA
https://www.screener.in/company/DBREALTY/consolidated/,198.6,171.95,8.53,26.51,2.13,10693.92,23.1,35.96,8.98,1.41,-4.72,0.4,-0.43,65.72,39.51,-13.19,SC,DBREALTY
https://www.screener.in/company/CEATLTD/consolidated/,2630.15,14.0,15.67,161.24,2.63,10638.98,20.42,18.13,16.35,12.16,10.32,0.44,11.33,19.06,13.51,148.68,SC,CEATLTD
https://www.screener.in/company/METROPOLIS/consolidated/,2071.9,72.78,77.49,26.74,9.68,10614.1,15.79,12.2,56.36,27.65,20.7,0.18,9.67,1.5,23.99,37.95,SC,METROPOLIS
https://www.screener.in/company/RCF/consolidated/,192.18,27.48,67.45,3.05,2.3,10602.38,6.19,4.24,9.51,12.12,12.48,0.72,13.83,10.19,2.87,10.8,SC,RCF
https://www.screener.in/company/PRUDENT/consolidated/,2549.65,7.38,68.16,37.41,21.93,10557.25,43.27,33.38,38.22,44.26,35.87,0.04,29.04,44.89,23.95,44.2,SC,PRUDENT
https://www.screener.in/company/BALRAMCHIN/consolidated/,522.55,0.64,19.85,26.33,3.1,10542.41,13.46,13.77,15.76,14.47,16.05,0.59,5.47,-5.23,14.03,70.15,SC,BALRAMCHIN
https://www.screener.in/company/MAHSCOOTER/,9198.5,4.36,47.54,181.2,0.39,10513.89,0.88,0.87,36.62,0.94,0.85,0.0,18.56,22.6,90.67,22.34,SC,MAHSCOOTER
https://www.screener.in/company/ARVIND/consolidated/,400.85,5.1,33.93,11.85,2.96,10487.46,13.08,9.73,9.97,10.33,7.06,0.41,1.61,5.91,10.55,39.31,SC,ARVIND
https://www.screener.in/company/QUESS/consolidated/,698.4,80.47,30.19,22.49,3.7,10371.9,11.66,11.18,37.15,10.69,7.64,0.3,17.5,3.65,3.71,89.26,SC,QUESS
https://www.screener.in/company/VESUVIUS/,5106.1,17.51,40.89,124.89,7.95,10365.38,26.09,19.43,33.02,15.65,11.9,0.01,11.62,18.15,19.97,67.35,SC,VESUVIUS
https://www.screener.in/company/JKTYRE/consolidated/,396.55,39.79,11.94,32.91,2.3,10339.0,19.31,20.62,14.22,11.98,12.89,1.03,7.67,33.22,14.21,211.79,SC,JKTYRE
https://www.screener.in/company/GRAPHITE/consolidated/,528.85,113.1,34.47,55.02,1.84,10332.44,1.44,0.95,21.9,4.8,3.26,0.03,-17.8,-57.04,2.05,236.0,SC,GRAPHITE
https://www.screener.in/company/TRIL/consolidated/,687.65,22.98,133.68,5.35,17.68,10320.45,14.81,9.33,31.9,11.36,5.68,0.46,8.59,57.15,11.77,20.09,SC,TRIL
https://www.screener.in/company/ALKYLAMINE/,2008.45,136.45,69.39,28.95,8.1,10269.41,16.46,12.29,57.68,34.82,25.35,0.0,11.22,12.35,17.88,48.87,SC,ALKYLAMINE
https://www.screener.in/company/JUBLINGREA/consolidated/,643.35,36.47,58.88,10.93,3.74,10247.35,9.78,6.77,25.57,15.69,,0.27,,,10.13,48.74,SC,JUBLINGREA
https://www.screener.in/company/LATENTVIEW/consolidated/,495.0,52.53,61.78,8.02,7.42,10196.89,15.19,12.24,54.5,20.28,15.1,0.02,17.35,22.9,21.76,39.26,SC,LATENTVIEW
https://www.screener.in/company/500245/,720.5,15.2,41.14,16.39,5.77,10043.94,24.66,21.43,11.52,25.78,25.99,0.61,23.22,29.31,12.72,75.57,SC,500245
https://www.screener.in/company/HGINFRA/consolidated/,1536.9,22.32,18.57,84.51,4.08,10016.15,24.12,24.08,10.48,25.59,26.52,0.62,21.7,32.84,19.68,162.56,SC,HGINFRA
https://www.screener.in/company/TEXRAIL/,250.35,18.47,72.27,3.63,4.02,10000.66,11.43,5.88,34.34,7.86,3.58,0.25,13.52,9.03,8.34,40.25,SC,TEXRAIL
https://www.screener.in/company/SAPPHIRE/consolidated/,1562.95,20.16,282.49,5.71,7.44,9966.18,7.27,4.04,59.63,4.93,4.08,0.87,16.79,26.05,17.46,8.19,SC,SAPPHIRE
https://www.screener.in/company/USHAMART/consolidated/,326.9,30.87,23.33,14.02,4.19,9962.01,22.08,19.21,14.68,19.09,20.09,0.15,5.33,52.51,18.75,103.84,SC,USHAMART
https://www.screener.in/company/NETWORK18/consolidated/,95.01,511.79,,-3.03,1.43,9947.06,-0.28,-6.64,40.83,6.97,0.74,1.17,12.69,-10.57,-7.92,-102.41,SC,NETWORK18
https://www.screener.in/company/GALAXYSURF/consolidated/,2796.95,28.71,32.41,86.31,4.55,9916.52,17.45,14.9,28.3,21.87,20.16,0.09,6.55,9.54,12.1,79.72,SC,GALAXYSURF
https://www.screener.in/company/BIRLACORPN/consolidated/,1287.1,40.0,25.5,51.1,1.49,9911.96,9.01,6.59,15.67,8.92,7.46,0.58,8.09,10.79,14.81,32.62,SC,BIRLACORPN
https://www.screener.in/company/SAREGAMA/consolidated/,512.4,13.47,51.8,9.9,6.73,9889.81,19.6,14.19,37.25,22.01,15.15,0.0,8.07,29.82,29.35,36.92,SC,SAREGAMA
https://www.screener.in/company/RENUKA/consolidated/,46.32,166.86,,-3.07,,9859.16,10.09,,0.86,10.34,,,20.24,9.09,4.78,-165.5,SC,RENUKA
https://www.screener.in/company/SFL/consolidated/,904.3,124.21,74.46,17.06,3.37,9829.5,7.97,6.09,52.21,17.83,13.66,0.51,7.62,1.04,8.99,20.17,SC,SFL
https://www.screener.in/company/IONEXCHANG/consolidated/,666.15,15.35,47.24,14.16,9.6,9770.19,27.49,21.08,20.37,34.48,26.38,0.15,15.1,24.47,11.79,44.78,SC,IONEXCHANG
https://www.screener.in/company/AURIONPRO/consolidated/,1746.0,3.63,63.18,30.19,9.65,9640.28,22.31,19.75,9.61,13.8,10.13,0.09,11.19,17.01,21.61,43.43,SC,AURIONPRO
https://www.screener.in/company/ROUTE/consolidated/,1531.95,55.95,27.67,57.6,4.47,9618.89,20.72,18.22,43.58,24.44,18.9,0.18,36.64,45.48,12.08,78.52,SC,ROUTE
https://www.screener.in/company/AZAD/consolidated/,1627.2,27.83,140.85,12.19,14.91,9618.87,21.54,13.8,25.88,19.73,,0.06,,,33.97,17.12,SC,AZAD
https://www.screener.in/company/KNRCON/consolidated/,340.2,22.1,12.19,28.9,2.69,9567.6,25.41,23.79,17.27,21.57,18.83,0.36,14.09,23.97,25.05,165.98,SC,KNRCON
https://www.screener.in/company/GNFC/,650.6,40.18,18.56,34.39,1.17,9559.96,7.72,5.64,6.76,17.48,13.94,0.0,6.11,-8.08,6.64,115.0,SC,GNFC
https://www.screener.in/company/TIPSINDLTD/,744.2,2.22,66.24,11.2,53.25,9513.23,103.8,79.41,29.84,71.91,58.71,0.03,3.52,131.14,67.63,43.56,SC,TIPSINDLTD
https://www.screener.in/company/ESABINDIA/,6176.9,13.31,57.59,107.23,31.07,9506.25,75.86,56.94,49.77,49.96,36.63,0.01,13.11,23.08,18.2,44.45,SC,ESABINDIA
https://www.screener.in/company/MARKSANS/consolidated/,209.01,5.02,28.45,7.37,4.59,9471.58,20.61,16.47,12.38,25.91,19.72,0.12,16.84,32.62,21.39,88.75,SC,MARKSANS
https://www.screener.in/company/AVANTIFEED/consolidated/,694.95,43.9,24.99,27.81,4.0,9468.39,20.01,15.09,20.31,22.31,16.57,0.01,9.01,5.3,9.02,128.19,SC,AVANTIFEED
https://www.screener.in/company/LEMONTREE/consolidated/,118.96,32.86,65.07,1.83,9.75,9424.56,11.17,16.31,86.95,5.33,1.09,2.42,14.28,22.99,47.51,19.81,SC,LEMONTREE
https://www.screener.in/company/RUSTOMJEE/consolidated/,745.85,3.24,104.23,7.78,4.72,9398.46,6.58,6.4,51.28,9.72,,0.61,,,3.6,25.65,SC,RUSTOMJEE
https://www.screener.in/company/EQUITASBNK/,82.5,41.21,14.82,5.61,1.57,9387.37,8.97,14.36,16.42,8.44,11.61,6.35,21.04,30.55,45.46,25.76,SC,EQUITASBNK
https://www.screener.in/company/POWERMECH/consolidated/,5905.15,10.09,36.32,164.66,5.08,9334.95,23.88,15.93,16.1,16.63,12.36,0.22,13.22,15.54,11.63,60.13,SC,POWERMECH
https://www.screener.in/company/ITDCEM/consolidated/,542.7,8.71,28.98,18.73,6.24,9322.91,27.08,19.76,24.54,17.01,9.53,0.6,19.47,26.38,9.74,100.19,SC,ITDCEM
https://www.screener.in/company/JKLAKSHMI/consolidated/,790.2,26.54,20.43,39.4,2.92,9298.29,17.04,15.39,15.87,17.27,16.83,0.65,9.48,80.37,16.28,67.6,SC,JKLAKSHMI
https://www.screener.in/company/ACI/,749.75,11.8,33.44,22.43,5.42,9251.69,25.75,19.45,19.01,29.26,34.08,0.02,18.65,43.87,33.58,48.46,SC,ACI
https://www.screener.in/company/CCL/consolidated/,683.65,9.71,35.0,19.57,5.45,9128.64,12.42,15.85,27.74,15.74,17.84,0.97,19.67,10.06,16.93,71.47,SC,CCL
https://www.screener.in/company/MAHLIFE/consolidated/,588.2,15.46,79.13,7.44,4.87,9119.68,2.01,4.66,64.97,-0.29,0.62,0.47,-18.58,-6.2,-56.11,12.72,SC,MAHLIFE
https://www.screener.in/company/EMIL/,236.73,10.67,46.42,5.1,6.65,9108.16,12.74,14.41,36.53,13.54,15.6,1.15,30.69,30.83,7.19,72.5,SC,EMIL
https://www.screener.in/company/TRIVENI/consolidated/,415.25,4.72,25.35,16.39,3.13,9089.74,14.78,14.2,14.43,18.17,20.96,0.49,10.62,12.77,11.04,30.99,SC,TRIVENI
https://www.screener.in/company/SBFC/,84.11,16.51,33.62,2.51,3.25,9035.23,10.93,10.53,42.63,9.53,8.11,1.44,41.99,57.52,67.04,78.72,SC,SBFC
https://www.screener.in/company/CMSINFO/consolidated/,555.1,7.15,25.55,22.15,4.64,9034.93,26.95,19.35,18.43,27.27,19.29,0.0,14.59,29.3,25.68,90.79,SC,CMSINFO
https://www.screener.in/company/THOMASCOOK/consolidated/,191.55,37.82,34.77,5.56,4.38,9014.13,19.07,13.76,69.36,0.13,-1.69,0.2,2.02,24.94,5.95,73.13,SC,THOMASCOOK
https://www.screener.in/company/REDTAPE/consolidated/,650.2,24.58,56.11,11.59,13.86,8985.89,31.88,31.33,53.31,38.33,,0.74,,,16.25,30.64,SC,REDTAPE
https://www.screener.in/company/HOMEFIRST/,1006.45,18.73,27.62,36.65,4.2,8960.15,11.25,15.52,32.85,10.05,12.8,3.44,34.41,46.23,79.31,87.77,SC,HOMEFIRST
https://www.screener.in/company/500123/,11296.25,15.06,59.49,189.95,11.1,8957.93,27.67,20.62,44.35,20.74,16.14,0.0,10.69,21.66,21.16,41.85,SC,500123
https://www.screener.in/company/543482/,462.15,29.56,80.29,5.2,2.13,8937.57,3.48,2.46,123.55,-11.15,1.27,0.01,142.83,171.52,8.98,31.04,SC,543482
https://www.screener.in/company/SHAKTIPUMP/consolidated/,4450.7,14.35,38.21,118.76,11.8,8917.02,31.44,24.15,18.56,18.4,15.06,0.11,20.32,25.74,19.33,92.66,SC,SHAKTIPUMP
https://www.screener.in/company/JLHL/,1356.7,21.91,55.18,24.73,7.14,8895.34,22.16,17.77,56.89,18.63,19.45,0.0,17.97,52.97,24.19,40.65,SC,JLHL
https://www.screener.in/company/GSFC/consolidated/,223.22,44.45,16.51,13.52,0.7,8894.82,5.77,4.55,8.97,8.11,6.52,0.0,1.52,2.71,5.19,87.31,SC,GSFC
https://www.screener.in/company/504882/,4426.65,329.22,607.22,7.29,34.16,8853.3,7.92,5.85,634.49,7.65,5.55,0.0,9.11,25.37,13.93,2.64,SC,504882
https://www.screener.in/company/AHLUCONT/consolidated/,1320.4,16.82,41.26,53.19,5.53,8845.04,23.91,16.41,23.15,20.97,14.13,0.07,17.05,14.64,9.13,30.56,SC,AHLUCONT
https://www.screener.in/company/ANURAS/consolidated/,804.55,55.34,94.08,8.64,3.2,8836.75,9.04,5.01,60.75,10.32,7.45,0.39,24.08,21.14,24.75,3.92,SC,ANURAS
https://www.screener.in/company/532468/consolidated/,2748.0,27.37,10.81,254.14,1.33,8818.49,13.56,14.15,7.66,18.26,19.47,0.76,13.44,22.2,20.26,125.63,SC,532468
https://www.screener.in/company/LLOYDSENGG/,76.63,22.0,99.43,0.77,21.33,8771.3,28.61,26.54,75.17,14.5,16.08,0.18,44.9,94.2,17.26,21.22,SC,LLOYDSENGG
https://www.screener.in/company/BBOX/consolidated/,520.7,13.31,45.39,8.98,18.19,8751.67,30.43,44.14,31.14,34.97,,1.69,27.66,77.04,7.38,51.14,SC,BBOX
https://www.screener.in/company/KIRLPNU/,1349.6,7.79,58.98,21.97,9.45,8746.62,21.72,16.1,33.04,17.74,13.63,0.0,13.24,20.25,15.87,26.9,SC,KIRLPNU
https://www.screener.in/company/TIMETECHNO/consolidated/,385.25,2.38,26.2,14.71,3.42,8742.44,15.98,12.88,11.32,12.53,9.72,0.32,6.98,8.92,13.96,79.31,SC,TIMETECHNO
https://www.screener.in/company/RATEGAIN/consolidated/,739.85,24.58,52.6,14.3,6.01,8723.46,17.34,13.46,75.68,4.07,6.6,0.01,29.62,75.27,20.12,45.38,SC,RATEGAIN
https://www.screener.in/company/JMFINANCIL/consolidated/,90.78,111.06,13.01,4.34,1.02,8676.2,10.13,0.78,12.19,10.25,7.29,1.91,6.5,-35.25,57.94,170.7,SC,JMFINANCIL
https://www.screener.in/company/JUNIPER/consolidated/,389.65,38.14,187.21,1.92,3.27,8669.81,6.81,1.58,401.87,2.79,,0.47,,,36.56,11.67,SC,JUNIPER
https://www.screener.in/company/SENCO/,1115.0,5.56,40.56,27.5,6.29,8664.02,13.35,16.23,27.35,15.39,16.9,1.28,16.05,20.39,7.93,53.34,SC,SENCO
https://www.screener.in/company/INFIBEAM/consolidated/,31.14,87.8,43.29,0.73,2.51,8663.15,6.27,4.71,47.21,4.54,3.6,0.02,22.3,12.39,8.47,69.63,SC,INFIBEAM
https://www.screener.in/company/SHRIPISTON/consolidated/,1965.15,12.26,19.14,103.54,4.5,8656.45,27.87,25.21,13.27,17.62,16.14,0.25,9.58,25.66,20.6,115.45,SC,SHRIPISTON
https://www.screener.in/company/RELINFRA/consolidated/,217.97,1111.63,,-29.52,0.99,8634.47,7.38,-11.6,1.8,10.27,0.0,1.13,2.94,,9.26,-92.83,SC,RELINFRA
https://www.screener.in/company/SUNTECK/consolidated/,587.8,18.92,85.72,6.86,2.76,8610.47,4.69,2.4,134.56,3.93,1.55,0.12,-7.99,-20.8,19.19,22.78,SC,SUNTECK
https://www.screener.in/company/SUPRAJIT/consolidated/,620.5,3.13,49.86,12.44,6.31,8591.5,13.91,12.93,30.5,15.68,14.35,0.52,12.74,4.55,11.45,38.14,SC,SUPRAJIT
https://www.screener.in/company/BECTORFOOD/consolidated/,1460.55,7.22,60.95,23.96,12.96,8590.59,25.34,23.25,44.89,18.69,17.37,0.37,15.69,33.5,14.71,35.43,SC,BECTORFOOD
https://www.screener.in/company/PGHL/,5173.3,44.98,40.13,128.93,10.66,8587.68,45.47,33.49,37.85,44.02,37.44,0.01,11.99,22.7,25.94,46.56,SC,PGHL
https://www.screener.in/company/STARCEMENT/consolidated/,211.99,20.76,36.8,5.76,3.16,8568.22,16.43,11.51,19.0,15.21,12.31,0.05,9.71,-0.25,18.72,30.99,SC,STARCEMENT
https://www.screener.in/company/RAJESHEXPO/consolidated/,289.5,255.68,224.76,1.29,0.56,8547.78,3.23,2.24,16.58,8.52,7.92,0.04,9.81,-23.66,-0.01,11.86,SC,RAJESHEXPO
https://www.screener.in/company/CAMPUS/,278.55,129.76,102.04,2.73,13.05,8504.27,16.69,14.86,95.29,21.83,20.06,0.27,25.57,17.41,13.69,25.38,SC,CAMPUS
https://www.screener.in/company/TIIL/consolidated/,3698.05,4.72,31.92,113.05,5.07,8491.35,18.74,17.53,9.25,17.06,17.36,0.4,10.68,18.32,17.1,80.45,SC,TIIL
https://www.screener.in/company/PGINVIT/,93.28,71.53,8.74,10.67,1.09,8488.47,12.83,13.12,4.42,7.95,,0.07,-0.66,32.76,113.38,163.98,SC,PGINVIT
https://www.screener.in/company/MASTEK/consolidated/,2749.6,33.44,27.91,98.08,4.04,8484.49,18.13,16.04,19.84,23.23,20.43,0.25,24.21,26.06,16.09,71.5,SC,MASTEK
https://www.screener.in/company/SHOPERSTOP/consolidated/,768.55,19.71,186.11,3.64,28.03,8451.08,11.84,32.1,92.02,6.65,-27.11,9.24,3.82,4.59,15.66,-22.72,SC,SHOPERSTOP
https://www.screener.in/company/ABDL/consolidated/,301.1,15.54,3315.78,0.07,,8422.07,15.62,0.62,3108.5,12.4,,2.05,,,7.28,11.2,SC,ABDL
https://www.screener.in/company/VIJAYA/consolidated/,819.8,7.34,67.05,12.11,12.77,8412.97,19.51,17.83,49.37,23.37,21.28,0.39,13.36,18.96,40.14,31.35,SC,VIJAYA
https://www.screener.in/company/MAXESTATES/consolidated/,570.05,5.22,,-0.19,7.16,8403.05,0.46,-1.39,,1.17,,0.82,,,25.95,-2.0,SC,MAXESTATES
https://www.screener.in/company/TVSSCS/consolidated/,189.39,36.23,,-0.67,4.59,8339.28,4.74,-7.39,685.48,3.55,-14.98,1.21,6.29,,7.43,6.49,SC,TVSSCS
https://www.screener.in/company/ASTRAMICRO/consolidated/,877.35,20.79,61.7,14.22,8.62,8330.0,18.77,15.05,44.76,13.86,9.79,0.25,25.37,105.05,22.84,7.2,SC,ASTRAMICRO
https://www.screener.in/company/ETHOSLTD/consolidated/,3379.4,1.44,94.07,36.29,9.36,8272.92,14.3,10.99,66.22,13.2,10.12,0.16,17.63,44.18,15.44,22.8,SC,ETHOSLTD
https://www.screener.in/company/MOIL/,406.3,44.81,23.02,17.65,3.37,8267.6,16.48,12.49,14.74,14.66,10.62,0.0,0.16,-9.04,33.77,152.35,SC,MOIL
https://www.screener.in/company/EMBDL/consolidated/,129.78,507.56,,-7.08,2.55,8260.12,-10.97,-13.07,39.73,0.09,-4.79,0.11,-39.11,,-66.34,-28.24,SC,EMBDL
https://www.screener.in/company/GALLANTT/,342.1,12.25,26.08,13.12,3.37,8254.22,11.96,9.64,9.76,10.1,8.46,0.19,31.78,25.64,13.59,121.87,SC,GALLANTT
https://www.screener.in/company/IFBIND/,2032.85,6.85,78.38,25.94,11.34,8237.11,12.75,9.95,90.15,6.77,3.73,0.22,11.18,3.35,5.66,38.84,SC,IFBIND
https://www.screener.in/company/ASKAUTOLTD/consolidated/,417.55,3.89,42.05,9.93,10.08,8231.69,24.24,23.81,45.94,20.77,19.09,0.42,10.9,9.97,10.55,56.83,SC,ASKAUTOLTD
https://www.screener.in/company/WABAG/consolidated/,1318.3,6.58,32.81,40.28,4.51,8198.56,19.75,13.82,13.49,15.94,8.33,0.16,0.54,21.32,12.94,54.8,SC,WABAG
https://www.screener.in/company/RTNPOWER/consolidated/,15.25,198.36,,17.76,1.88,8189.41,8.39,,,7.51,,0.82,11.83,2.45,19.65,93.0,SC,RTNPOWER
https://www.screener.in/company/INDIGOPNTS/,1435.35,133.25,47.53,30.2,7.47,6835.28,23.18,17.52,58.9,23.83,17.92,0.02,18.56,40.36,18.15,26.46,SC,INDIGOPNTS
https://www.screener.in/company/SIS/consolidated/,416.15,68.79,36.4,11.35,2.48,5997.96,10.34,7.9,19.36,16.35,17.44,0.69,11.57,-2.64,4.17,64.22,SC,SIS
https://www.screener.in/company/VAIBHAVGBL/consolidated/,304.85,246.96,38.91,7.6,4.02,5061.93,14.05,10.76,36.89,22.42,18.15,0.17,10.89,-2.58,8.52,27.45,SC,VAIBHAVGBL
https://www.screener.in/company/TEAMLEASE/consolidated/,3095.15,79.31,50.96,63.53,6.5,5190.23,13.55,13.56,53.36,14.64,12.59,0.13,15.95,2.13,1.3,19.37,SC,TEAMLEASE
https://www.screener.in/company/MASFIN/consolidated/,279.7,51.36,19.09,15.79,2.57,5075.25,11.66,15.21,22.99,12.03,14.53,4.17,16.26,10.15,76.38,71.72,SC,MASFIN
https://www.screener.in/company/LUXIND/consolidated/,2273.05,104.31,47.5,48.82,4.36,6835.44,11.1,8.32,24.74,25.23,19.03,0.13,14.0,4.92,8.98,33.43,SC,LUXIND
https://www.screener.in/company/NEOGEN/consolidated/,1589.7,21.64,112.2,14.34,5.52,4193.89,9.38,5.74,71.63,15.06,11.35,0.54,23.64,11.22,15.98,11.47,SC,NEOGEN
https://www.screener.in/company/ROSSARI/consolidated/,910.65,77.96,36.89,24.69,4.8,5031.11,18.1,13.18,48.34,25.45,15.95,0.11,28.81,23.05,13.39,34.9,SC,ROSSARI
https://www.screener.in/company/GREENPANEL/consolidated/,353.05,77.23,30.31,11.64,3.29,4329.36,12.89,11.38,24.98,17.45,16.24,0.22,21.21,32.77,15.76,29.81,SC,GREENPANEL
https://www.screener.in/company/HATHWAY/consolidated/,20.77,271.3,38.36,0.54,0.86,3676.51,2.29,1.58,23.54,3.92,2.76,0.0,4.92,-19.96,16.41,18.9,SC,HATHWAY
https://www.screener.in/company/TASTYBITE/,10728.15,100.29,167.14,64.19,9.61,2752.84,17.13,16.16,92.8,16.73,15.83,0.3,9.91,7.33,9.07,-3.69,SC,TASTYBITE
https://www.screener.in/company/DEN/consolidated/,49.96,412.41,11.18,4.56,0.7,2384.21,7.3,6.42,11.83,3.63,3.86,0.01,-2.17,33.19,14.02,43.29,SC,DEN
https://www.screener.in/company/SURYODAY/,187.04,58.44,8.33,22.45,1.25,1987.08,9.6,13.63,11.55,8.68,4.63,5.01,24.55,19.03,44.59,70.06,SC,SURYODAY
https://www.screener.in/company/5PAISA/,479.0,58.48,26.07,18.47,2.76,1494.95,12.85,10.29,53.17,9.51,8.41,0.62,45.42,36.51,28.72,20.07,SC,5PAISA
https://www.screener.in/company/COFFEEDAY/consolidated/,38.58,871.75,6.23,-16.78,0.29,815.01,2.87,5.64,9.89,-1.06,-4.57,0.48,-23.58,25.95,15.16,-11.45,SC,COFFEEDAY
https://www.screener.in/company/VALIANTORG/consolidated/,389.7,410.91,,-8.82,1.47,1074.6,1.07,-0.91,18.75,21.02,16.03,0.35,0.88,,4.56,-0.62,SC,VALIANTORG
https://www.screener.in/company/ASIANTILES/consolidated/,79.74,390.06,,-0.63,0.81,1010.67,1.24,-0.92,26.06,5.64,1.82,0.2,5.22,,3.73,0.33,SC,ASIANTILES
https://www.screener.in/company/REPCOHOME/,480.05,92.48,7.31,65.7,1.04,3003.26,10.53,14.59,6.85,9.55,13.42,3.7,5.1,10.96,90.11,105.44,SC,REPCOHOME
