Name,CMP,ATH%,PE,EPS,PB,MCap,ROCE%,ROE%,Sales_Grwth%,Profit_Grwth%,MedPE,ROCE_5Yr%,ROE_5Yr%,Debt2EqR,PAT_12M,CFO_2_EBITDA%,CapType,Symbol,Latest
https://www.screener.in/company/RELIANCE/consolidated/,1408.35,14.24,27.36,51.47,2.26,1905014.6,9.43,8.51,7.3,-0.21,26.43,8.78,8.51,0.44,81309,97.43,LC,RELIANCE,0
https://www.screener.in/company/HDFCBANK/consolidated/,1923.75,2.87,20.81,92.51,2.84,1473159.96,7.51,14.53,18.59,10.78,20.16,6.71,16.15,6.46,73440.17,45.42,LC,HDFCBANK,0
https://www.screener.in/company/TCS/consolidated/,3429.65,33.9,25.58,134.2,13.1,1241234.83,64.63,52.38,5.99,4.14,31.13,58.12,46.84,0.1,48797,68.57,LC,TCS,0
https://www.screener.in/company/BHARTIARTL/consolidated/,1863.7,2.18,55.91,43.24,12.18,1117788.33,13.13,14.93,9.65,75.32,65.72,9.59,12.36,2.59,27073.7,95.71,LC,BHARTIARTL,0
https://www.screener.in/company/ICICIBANK/consolidated/,1422.55,1.11,19.87,71.65,3.25,1013892.96,7.88,17.97,16.81,15.33,20.49,6.61,16.81,5.97,54569.38,75.86,LC,ICICIBANK,0
https://www.screener.in/company/SBIN/consolidated/,788.65,15.65,8.88,88.91,1.47,704533.81,6.16,17.34,14.68,15.32,10.68,5.06,13,12.58,82345.9,6.1,LC,SBIN,0
https://www.screener.in/company/INFY/consolidated/,1500.1,33.78,23.5,64.32,6.5,623072.66,37.5,28.83,6.06,1.89,27.86,37.99,29.76,0.09,26750,83.9,LC,INFY,0
https://www.screener.in/company/HINDUNILVR/consolidated/,2341.25,29.63,52.75,45.32,11.14,549896.73,27.85,20.72,1.98,1.47,61.98,29.08,21.12,0.03,10671,74.94,LC,HINDUNILVR,0
https://www.screener.in/company/BAJFINANCE/consolidated/,8634.5,12.45,32.26,267.73,5.55,536790.99,11.29,19.19,26.76,15.06,38.85,10.93,19.58,3.74,16779.48,-142.79,LC,BAJFINANCE,0
https://www.screener.in/company/ITC/consolidated/,425.3,16.5,26.79,16.12,7.07,532350.48,37.47,28.43,7.73,-2.09,22.84,34.15,25.74,0,20435.31,59.26,LC,ITC,0
https://www.screener.in/company/LICI/consolidated/,795.3,53.65,11.68,68.08,5.15,503027.08,72.95,63.45,9.56,6.83,14.53,72.54,80.87,0,43042.5,54.87,LC,LICI,0
https://www.screener.in/company/LT/consolidated/,3340.55,18.65,33.09,101.36,5.15,459092.72,13.44,14.68,16.98,9.68,30.33,11.57,14.08,1.41,16530.67,54.6,LC,LT,0
https://www.screener.in/company/SUNPHARMA/consolidated/,1830.2,7.11,37.26,47.65,6.35,439296.6,17.32,16.69,8.76,25.94,30.9,14.8,13.79,0.04,11469.56,84.35,LC,SUNPHARMA,0
https://www.screener.in/company/KOTAKBANK/consolidated/,2205.8,4.36,22.3,113.33,2.98,438492.62,7.86,15.06,20.71,12.72,27.13,6.97,14.06,3.63,22530.43,33.22,LC,KOTAKBANK,0
https://www.screener.in/company/HCLTECH/consolidated/,1564.05,28.65,24.36,64.12,6.1,423782.56,31.88,25.23,6.5,11.72,22.33,28.13,22.79,0.09,17399,79.53,LC,HCLTECH,0
https://www.screener.in/company/MARUTI/consolidated/,12207,12.07,26.45,461.2,3.98,383595.23,21.76,15.95,7.79,7.44,37.76,15.27,12.73,0,14500.2,63.47,LC,MARUTI,0
https://www.screener.in/company/AXISBANK/consolidated/,1185,13.05,13.07,90.58,1.97,366809.65,7.11,16.36,12.96,6.31,14.77,5.85,13.43,7.48,28190.8,41.19,LC,AXISBANK,0
https://www.screener.in/company/M&M/consolidated/,2925.2,12,29.36,99.62,5.16,363807.07,13.58,18.39,11.74,11.29,25.9,10.36,11.8,1.66,13656.26,-19.97,LC,M&M,0
https://www.screener.in/company/NTPC/consolidated/,354.5,26.5,15.63,22.67,2.04,343458.16,10.47,13.62,6.14,12.7,9.5,9.51,12.06,1.44,22546.06,71.74,LC,NTPC,0
https://www.screener.in/company/ULTRACEMCO/consolidated/,11645,5.98,56.11,204.94,4.85,343213.17,10.93,9.34,7.12,-12.41,34.34,13.6,11.68,0.34,6039.64,80.31,LC,ULTRACEMCO,0
https://www.screener.in/company/BAJAJFINSV/consolidated/,1952.4,9.35,35.16,55.57,4.3,312019.13,10.96,13.37,21.23,8.83,36.64,10.91,13.84,4.92,17557.64,-126.17,LC,BAJAJFINSV,0
https://www.screener.in/company/ONGC/consolidated/,244.2,41.28,7.76,31.01,0.87,307122.91,18.43,16.26,2.54,-16.76,6.16,13.55,13.35,0.54,40998.79,84.56,LC,ONGC,0
https://www.screener.in/company/HAL/,4486.25,26.5,34.7,129.35,9.66,300019.42,38.88,28.89,14.03,40.72,14.56,29.97,26.64,0,8650.59,70.66,LC,HAL,0
https://www.screener.in/company/TITAN/consolidated/,3376.15,15.13,92.52,36.46,30.79,299481.73,22.7,32.91,18.56,-6.2,91.55,21.27,26.52,2.22,3237,29.09,LC,TITAN,0
https://www.screener.in/company/POWERGRID/consolidated/,306.65,19.44,18.33,16.71,3.1,284920.87,13.21,19,-1.37,-1.17,10.67,11.98,18.59,1.33,15544.9,90.99,LC,POWERGRID,0
https://www.screener.in/company/DMART/consolidated/,4187.75,40.89,100.23,41.8,13.53,272605.61,19.41,14.48,17.59,11.81,123.29,17.66,13.46,0.04,2719.8,64.99,LC,DMART,0
https://www.screener.in/company/ADANIENT/consolidated/,2297.7,82.36,69.49,32.49,6.33,265156.29,9.87,9.73,4.08,1.29,104.44,8.58,7.64,1.92,4342.34,79.7,LC,ADANIENT,0
https://www.screener.in/company/ADANIPORTS/consolidated/,1216.5,33.28,24.89,46.84,4.6,262888.96,12.93,18.06,15.13,26.51,27.51,11.77,16.07,0.88,10052.93,87.93,LC,ADANIPORTS,0
https://www.screener.in/company/WIPRO/consolidated/,241.5,53.18,19.25,12.54,3.07,252857.14,19.67,16.74,-0.75,20.62,22.04,19.49,17.11,0.23,13218,77.26,LC,WIPRO,0
https://www.screener.in/company/JSWSTEEL/consolidated/,1028.3,4.53,71.79,13.49,3.16,251126.54,13.3,11.79,-3.09,-67.67,25.63,14.97,16.83,1.2,3312,41.42,LC,JSWSTEEL,0
https://www.screener.in/company/COALINDIA/consolidated/,385.2,41.41,6.92,55.88,2.47,237479.85,63.59,52.04,-1.91,-3.7,6.54,62.51,50.97,0.08,34350.02,32.13,LC,COALINDIA,0
https://www.screener.in/company/TATAMOTORS/consolidated/,644.25,83.01,7.45,93.01,2.35,237170.89,20.11,49.44,4.53,57.92,16.26,6.64,5.82,1.05,32249,102.61,LC,TATAMOTORS,0
https://www.screener.in/company/ASIANPAINT/consolidated/,2423.3,48.15,53.28,44.12,12.9,232357.09,37.5,31.44,-3.58,-20.06,76.49,33.42,27.67,0.14,4284.19,72.63,LC,ASIANPAINT,0
https://www.screener.in/company/BEL/consolidated/,314.1,8.4,46,6.83,13,229600.16,34.61,26.27,27.5,39.83,25.99,29.03,22.08,0,4992.33,81.82,LC,BEL,0
https://www.screener.in/company/NESTLEIND/consolidated/,2380.35,16.71,74.72,33.27,57.23,229507.95,,,5.62,2.28,79.08,0,,0.29,3207.59,61.06,LC,NESTLEIND,0
https://www.screener.in/company/ETERNAL/consolidated/,232.52,31.04,338.39,0.75,10.53,224351.12,1.14,1.12,69.42,5625,343.15,-32.89,-9.51,0.05,663,84.89,LC,ETERNAL,0
https://www.screener.in/company/BAJAJ-AUTO/consolidated/,8033.55,59.01,29.77,269.84,7.24,224315.23,33.53,26.48,18.13,1.79,21.42,27.7,21.81,0.17,7534.31,62.56,LC,BAJAJ-AUTO,0
https://www.screener.in/company/ADANIPOWER/consolidated/,532.05,68.55,16.1,33.55,3.64,205208.44,22.52,25.63,11.62,-38.8,14.29,19.67,37.2,0.7,12749.61,59.02,LC,ADANIPOWER,0
https://www.screener.in/company/INDIGO/,5238.3,7.84,33.34,157.31,54.2,202499.7,24.53,,17.22,-15.52,23.36,1.82,,15.86,6073.8,119.94,LC,INDIGO,0
https://www.screener.in/company/IOC/consolidated/,137.86,42.75,16.05,9.63,1.07,194718.41,7.63,6.62,-2.35,-70.74,5.73,13.53,15.55,0.9,13788.83,172.3,LC,IOC,0
https://www.screener.in/company/GRASIM/consolidated/,2736.45,5.16,45.77,58.72,1.94,186209.71,9.3,6.9,10.44,-27.65,19.03,9.17,8.45,1.7,7934,-37.81,LC,GRASIM,0
https://www.screener.in/company/HINDZINC/,438.8,84.07,17.93,24.33,13.95,185427.81,60.81,72.52,17.4,33.03,15.34,44.24,37.77,0.82,10279,77.23,LC,HINDZINC,0
https://www.screener.in/company/TRENT/consolidated/,5172.5,61.35,120.08,43.51,33.67,184255.23,31.71,32.2,38.46,69.56,179.56,15.63,17.19,0.41,1534.41,54.22,LC,TRENT,0
https://www.screener.in/company/VBL/consolidated/,522.35,30.72,63.48,8.46,10.63,176718.54,24.85,22.49,29.09,28.64,66.71,21.76,24.98,0.17,2817.66,68.53,LC,VBL,0
https://www.screener.in/company/SBILIFE/,1761.7,9.89,73.21,24.08,10.4,176668.68,16.88,15.13,-11.44,44.54,73.45,15.46,13.8,0,2413.3,948.77,LC,SBILIFE,0
https://www.screener.in/company/TATASTEEL/consolidated/,140.08,31.78,61.78,2.19,1.94,174931.06,7.02,6.55,-5.33,46.4,17.31,13.79,13.81,1.1,2527.46,88.83,LC,TATASTEEL,0
https://www.screener.in/company/DLF/consolidated/,673.75,81.82,44.43,16.18,4.15,166761.47,5.74,6.95,21.79,58.15,56.92,4.64,4.27,0.11,4004.44,97.78,LC,DLF,0
https://www.screener.in/company/JIOFIN/consolidated/,260.42,51.56,102.63,2.54,1.34,165503.62,1.47,1.23,10.15,0.5,124.92,1.51,,0.03,1612.59,-510.01,LC,JIOFIN,0
https://www.screener.in/company/VEDL/consolidated/,419.2,25.72,11.75,38.33,3.98,163903.78,27,38.78,6.43,279.04,7.8,22.72,24.21,1.82,20535,77.48,LC,VEDL,0
https://www.screener.in/company/IRFC/,124.35,84.2,25,4.98,3.09,162545.29,5.83,12.77,1.9,1.4,6.87,5.4,13.94,7.83,6502,30.48,LC,IRFC,0
https://www.screener.in/company/DIVISLAB/consolidated/,6087,5.94,78.13,77.86,11.78,161487.62,16.48,12.17,21.15,49.46,56.01,25.51,18.91,0,2067,49.47,LC,DIVISLAB,0
https://www.screener.in/company/HDFCLIFE/consolidated/,743.7,4.3,88.52,8.41,9.91,160285.85,7.43,11.75,-4.49,15.04,90.64,11.12,11.74,0.18,1810.82,1209.32,LC,HDFCLIFE,0
https://www.screener.in/company/PIDILITIND/consolidated/,3031,12.67,76.94,38.43,17.69,154176.57,29.74,22.82,6,17.06,90.49,28.01,21.9,0.04,1972.94,95.79,LC,PIDILITIND,0
https://www.screener.in/company/EICHERMOT/consolidated/,5536.7,6.7,34.15,162.14,8,151752.9,31.14,24.23,11.2,15.81,36.77,23.59,18.84,0.02,4442.74,63.63,LC,EICHERMOT,0
https://www.screener.in/company/TECHM/consolidated/,1502.6,22.32,34.6,43.43,5.38,147103.6,20.08,15.74,1.91,80.44,25.13,20.59,16.31,0.07,4253,73.91,LC,TECHM,0
https://www.screener.in/company/ADANIGREEN/consolidated/,900.35,238.76,86.44,9.12,11.76,142695.72,8.21,15.03,21.61,30.7,515.16,8.71,16.26,6.59,2001,82.92,LC,ADANIGREEN,0
https://www.screener.in/company/HINDALCO/consolidated/,623.65,23.89,9.67,61.82,1.22,140125.77,11.29,10.15,6.38,54.44,12.12,11.44,10.87,0.53,13892,94.5,LC,HINDALCO,0
https://www.screener.in/company/HYUNDAI/,1707.6,15.37,23.3,,10.62,138658.54,51.41,39.58,14.69,27.73,,29.47,23.01,0.08,5954.31,87.46,LC,HYUNDAI,0
https://www.screener.in/company/LTIM/consolidated/,4568.65,66.25,29.45,155.21,5.97,135434.65,27.63,21.53,7.01,0.36,34.46,35.99,26.95,0.1,4602,60.74,LC,LTIM,0
https://www.screener.in/company/BPCL/consolidated/,310.15,21.23,9.88,30.74,1.65,134601.94,16.25,17.34,-1.74,-49.68,8.18,17.72,22.97,0.75,13336.55,80.51,LC,BPCL,0
https://www.screener.in/company/PFC/consolidated/,407,42.59,6.02,67.57,1.22,134346.63,9.85,21.33,16.48,18.53,3.19,9.18,20.15,8.27,29712.95,-106.78,LC,PFC,0
https://www.screener.in/company/AMBUJACEM/consolidated/,539.4,31.06,31.75,16.92,2.49,132823.57,10.61,8.81,5.68,23.74,29.87,13.39,9.78,0.01,5158.41,25.9,LC,AMBUJACEM,0
https://www.screener.in/company/BAJAJHLDNG/consolidated/,11936,10.91,17.68,674.91,2.22,132731.2,13.07,14.77,234.45,27.23,14.5,10.52,11.85,0,7591.08,25.78,LC,BAJAJHLDNG,0
https://www.screener.in/company/LODHA/consolidated/,1329.1,24.14,47.99,27.71,6.57,132662.86,15.62,14.69,33.57,70.82,49.37,10.52,11.48,0.35,2766.6,35.77,LC,LODHA,0
https://www.screener.in/company/BRITANNIA/consolidated/,5446.05,18.86,60.36,89.55,40.86,131156.49,48.92,57.14,5.12,0.72,55.09,44.18,49.27,0.86,2155.34,76.12,LC,BRITANNIA,0
https://www.screener.in/company/BANKBARODA/consolidated/,250,19.88,6.33,39.5,0.92,129396.47,6.33,16.69,10.63,8.15,7.59,4.97,9.87,11.13,20579.04,-6.44,LC,BANKBARODA,0
https://www.screener.in/company/GODREJCP/consolidated/,1260.8,22.29,74.81,-4.43,10.6,129016.61,19.02,-56.02,1.73,-7.82,56.16,18.53,-1.1,0.31,-452.9,65.41,LC,GODREJCP,0
https://www.screener.in/company/TVSMOTOR/consolidated/,2668.7,10.85,57.45,47.06,14.91,126814.65,19.43,28.88,12.63,35.32,50.15,13.84,24.52,1.73,2379.81,52.72,LC,TVSMOTOR,0
https://www.screener.in/company/CHOLAFIN/consolidated/,1489.4,12.99,29.39,50.69,5.29,125317.28,10.34,19.71,34.87,24.61,29.1,9.9,19.68,7.4,4262.7,-175.36,LC,CHOLAFIN,0
https://www.screener.in/company/CIPLA/consolidated/,1551,9.74,25.16,61.79,4.41,125305.67,22.8,16.79,6.43,26.14,29.51,17.4,13.5,0.02,4986.93,59.35,LC,CIPLA,0
https://www.screener.in/company/GAIL/consolidated/,188.85,30.45,11.8,18.9,1.48,124269.07,14.66,13.97,3.4,30.67,8.42,16.33,14.78,0.23,12431.57,74,LC,GAIL,0
https://www.screener.in/company/MAZDOCK/consolidated/,3057.6,3.02,44.83,68.2,16.92,123347.65,44.19,35.19,34.59,71.93,16.28,28.94,23.99,0,2751.19,27.18,LC,MAZDOCK,0
https://www.screener.in/company/TATAPOWER/consolidated/,384.2,28.8,31.69,11.97,3.65,122780.56,11.13,11.28,10.63,13.14,30.38,9.57,8.89,1.73,4514.84,91.57,LC,TATAPOWER,0
https://www.screener.in/company/SOLARINDS/consolidated/,13153.65,3.88,106.01,124.02,31.37,118976.59,32.47,30.9,9.35,39.07,58.09,26.37,27.53,0.32,1184.53,92.18,LC,SOLARINDS,0
https://www.screener.in/company/ABB/,5509,67,62.21,88.33,16.5,116719.41,38.65,28.82,16.67,50.42,102.78,23.11,18.86,0.01,1871.64,49.98,LC,ABB,0
https://www.screener.in/company/PNB/consolidated/,100.18,179.48,6.84,14.93,0.88,115181.2,5.46,8.54,14.79,120.64,15.38,4.71,4.44,12.43,16904.46,-33.42,LC,PNB,0
https://www.screener.in/company/SHRIRAMFIN/consolidated/,610.9,19.57,13.83,50.81,2.04,114891.34,10.97,15.76,14.97,12.8,12.76,10.91,15.15,4.15,9576.32,-145.27,LC,SHRIRAMFIN,0
https://www.screener.in/company/TATACONSUM/consolidated/,1159.65,8.14,89.46,12.92,5.74,114722.67,9.27,7.11,15.87,-4.69,73.06,9.3,7.02,0.12,1287.1,76.95,LC,TATACONSUM,0
https://www.screener.in/company/UNITDSPR/consolidated/,1560.45,8.94,77.38,19.28,14.87,113561.91,27.87,20.98,7.07,15.48,69.49,21.59,17.68,0.07,1402,51.62,LC,UNITDSPR,0
https://www.screener.in/company/INDHOTEL/consolidated/,788.05,13.56,71.79,12.67,11.04,112145.2,15.11,14.26,20.43,33.55,66.66,5.88,4.35,0.29,1913.76,83.55,LC,INDHOTEL,0
https://www.screener.in/company/TORNTPHARM/consolidated/,3308,8.55,60.15,55.02,14.92,111983.06,23.16,24.23,7.91,30.01,43.72,18.88,21.39,0.42,1862,95.85,LC,TORNTPHARM,0
https://www.screener.in/company/RECLTD/consolidated/,421.55,55.14,7.09,59.45,1.51,111016.45,10.05,22.2,19.13,19.2,3.85,9.25,20.24,6.58,15653.35,-120.42,LC,RECLTD,0
https://www.screener.in/company/INDUSTOWER/consolidated/,408.05,23.76,10.99,37.13,3.87,109953.24,22.08,24.19,5.07,79.24,13.48,20.12,22.18,0.75,10005.7,73.48,LC,INDUSTOWER,0
https://www.screener.in/company/ADANIENSOL/consolidated/,898.5,371.74,48.34,8.82,4.89,107929.36,10.24,12.86,43.11,113.11,100.07,10.08,11.91,1.83,921.69,112.25,LC,ADANIENSOL,0
https://www.screener.in/company/SHREECEM/consolidated/,29685,7.97,87.58,339.05,5.13,107120.34,14.76,12.24,-4.73,-45.53,49.07,14.86,12.28,0.08,1224.56,65.26,LC,SHREECEM,0
https://www.screener.in/company/MAXHEALTH/consolidated/,1098,11.84,100.67,10.37,12.13,106750.84,16,13.37,25.86,0.32,72.35,12.3,12.04,0.2,1008.42,67.18,LC,MAXHEALTH,0
https://www.screener.in/company/SIEMENS/consolidated/,2900.8,60.72,45.38,79.34,6.73,103203.06,23.61,17.65,-1.3,19.1,45.62,17.19,13.8,0.02,2826.8,44.6,LC,SIEMENS,0
https://www.screener.in/company/BAJAJHFL/,122,54.51,47,2.6,5.09,101654.48,9.54,13.44,25.71,24.89,50.72,8.49,13.08,4.11,2162.9,-194.24,LC,BAJAJHFL,0
https://www.screener.in/company/MANKIND/,2463.7,23.99,52.57,50.08,9.42,101635.05,24.57,19.71,10.58,23.14,53.9,29.02,21.53,0.02,2018.47,80.67,LC,MANKIND,0
https://www.screener.in/company/HAVELLS/consolidated/,1602.1,31.45,68.32,23.48,12.07,100439.23,24.79,18.65,17.15,16.4,70.56,25.64,19.06,0.04,1470.24,62.25,LC,HAVELLS,0
https://www.screener.in/company/APOLLOHOSP/consolidated/,6954.05,8.5,76.32,91.12,13.33,99987.14,15.11,13.33,14.81,66.23,90.36,13.71,11.78,0.98,1349,77.96,LC,APOLLOHOSP,0
https://www.screener.in/company/DIXON/consolidated/,16415.95,16.65,155.65,131.9,44.24,98894.37,29.16,24.73,106.39,80.73,125.23,28.04,23.83,0.36,864.93,79.22,LC,DIXON,0
https://www.screener.in/company/DRREDDY/consolidated/,1183,20.16,18.41,64.39,3.21,98695.08,26.53,21.39,14.76,2.56,23.57,18.8,16.73,0.16,5448.3,51.91,LC,DRREDDY,0
https://www.screener.in/company/UNIONBANK/consolidated/,125.7,239.66,5.87,21.41,0.86,95932.01,6.55,15.64,11.49,23.07,6.53,5.22,8.79,11.15,16344.01,23.24,LC,UNIONBANK,0
https://www.screener.in/company/CGPOWER/consolidated/,626.65,39.58,102.33,6.13,27.24,95860.1,46.63,57.78,20.5,9.03,73.59,30.82,,0.01,932.53,32.42,LC,CGPOWER,0
https://www.screener.in/company/LUPIN/consolidated/,2094.65,14.74,33.33,62.9,6.11,95620.52,15.72,14.14,12.94,60.16,43.34,6.57,2.23,0.22,2892.1,93.55,LC,LUPIN,0
https://www.screener.in/company/MOTHERSON/consolidated/,133.27,62.83,22.74,5.99,2.87,93793.38,13.68,11.8,18.39,156.79,44.44,9.12,8.83,0.78,4474.34,77.93,LC,MOTHERSON,0
https://www.screener.in/company/HDFCAMC/,4363.7,11.47,37.93,115.11,11.47,93339.4,43.33,32.35,10.74,26.48,39.32,37.89,28.91,0,2461.05,61.91,LC,HDFCAMC,0
https://www.screener.in/company/ICICIGI/,1869.15,23.15,36.97,50.6,6.39,92748.54,24.86,18.8,16.95,30.61,44.04,22.88,17.9,0,2508.29,34.54,LC,ICICIGI,0
https://www.screener.in/company/MARICO/consolidated/,710.05,3.78,57.34,12.39,19.76,91962.99,43.08,38.51,7.95,9.49,52.55,42.88,36.76,0.11,1633,66.7,LC,MARICO,0
https://www.screener.in/company/GMRAIRPORT/consolidated/,87.19,40.58,,-0.45,,91960.85,6.41,,21.96,-4.81,,4.63,,,-731.82,106.33,MC,GMRAIRPORT,0
https://www.screener.in/company/NAUKRI/consolidated/,7052,30.39,142.71,43.18,2.18,91314.16,3.65,2.44,11.02,202.73,139.75,4.21,4.71,0.01,719.98,74.08,MC,NAUKRI,0
https://www.screener.in/company/JINDALSTEL/consolidated/,892.6,22.91,22.31,40.06,1.92,91098.85,13.16,14.12,-0.32,-26.49,13.91,14.13,11.03,0.36,4082.73,58.46,MC,JINDALSTEL,0
https://www.screener.in/company/ZYDUSLIFE/consolidated/,887.7,49.18,19.71,45.09,4.1,89333.45,22.34,20.67,16.94,38.62,23.33,15.2,19.79,0.01,4675,57.08,MC,ZYDUSLIFE,0
https://www.screener.in/company/SRF/consolidated/,3006.95,2.6,77.7,38.69,7.43,89115.76,12.71,12.22,4.51,-22.29,36.68,18.25,19.7,0.44,1146.93,78.65,MC,SRF,0
https://www.screener.in/company/ICICIPRULI/consolidated/,613.9,29.79,74.88,8.2,7.43,88763.89,11.83,10.34,-21.63,39.36,87.21,10.76,9.33,0.22,1185.52,-595.07,MC,ICICIPRULI,0
https://www.screener.in/company/CANBK/consolidated/,97.45,68.52,5.38,18.1,0.85,88313.48,6.63,17.94,13.13,11.99,6.07,5.34,10.51,14.09,16571.37,16.18,MC,CANBK,0
https://www.screener.in/company/BOSCHLTD/,29460.4,32.68,42.94,686.28,6.82,86877.97,20.61,15.97,5.15,20.13,40.21,16.87,12.77,0,2024.1,44.46,MC,BOSCHLTD,0
https://www.screener.in/company/MUTHOOTFIN/,2159.65,13.2,18.26,118.3,3.21,86756.56,13.15,17.86,29.59,21.9,14.45,14.25,21.88,2.91,4749.2,-91.37,MC,MUTHOOTFIN,0
https://www.screener.in/company/DABUR/consolidated/,486,38.27,48.68,10.14,8.31,86125.76,22.28,19.22,2.29,0.34,55.71,25.39,21.62,0.17,1768.91,69.88,MC,DABUR,0
https://www.screener.in/company/BSE/consolidated/,6359,7.06,92.02,69.33,23.22,86085.83,19.97,15.2,118.91,130,38.86,11.93,9.14,0,935.54,393.14,MC,BSE,0
https://www.screener.in/company/NHPC/consolidated/,85.53,38.49,31.7,2.7,2.14,85895.33,7.67,9.61,1.52,-27.28,10.45,7.99,10.38,0.85,3109.86,101.27,MC,NHPC,0
https://www.screener.in/company/IDBI/consolidated/,79.83,153.35,11.25,7.1,1.39,85836.42,6.76,13.54,9.35,33.15,16.81,5.41,9.35,5.35,7656.32,103.48,MC,IDBI,0
https://www.screener.in/company/NTPCGREEN/consolidated/,100.55,54.5,245.58,0.6,,84653.39,7.6,6.2,1056.58,101.33,183.32,7.6,,2.22,344.72,86.54,MC,NTPCGREEN,0
https://www.screener.in/company/JSWENERGY/consolidated/,479.1,68.01,44.58,10.96,2.99,83717.57,8.59,8.4,-0.77,14.26,40.07,8.75,8.2,1.1,1913.64,107.97,MC,JSWENERGY,0
https://www.screener.in/company/BHARTIHEXA/,1665,3.12,79.26,24.96,16,83270.85,13.98,14.02,16.88,162.45,78.83,3.64,-1.17,1.64,1247.8,99.39,MC,BHARTIHEXA,0
https://www.screener.in/company/PERSISTENT/consolidated/,5316.1,27.7,59.2,90.54,13.01,82884.4,31.39,24.83,21.56,30.83,45.12,27.77,23.09,0.05,1400.16,52.67,MC,PERSISTENT,0
https://www.screener.in/company/SBICARD/,869.65,33.96,43.19,20.14,6,82758.31,10.4,14.82,6.4,-20.41,41.74,11.54,20.17,3.26,1916.41,-36.24,MC,SBICARD,0
https://www.screener.in/company/POLYCAB/consolidated/,5481,38.79,44.84,122.34,9.59,82473.68,31.33,23.17,25.3,10.6,41.44,26.52,20.7,0.02,1864.65,49.39,MC,POLYCAB,0
https://www.screener.in/company/HINDPETRO/consolidated/,378.7,20.73,13.37,28.34,1.76,80611.56,21.26,40.38,2.79,-64.35,4.62,9.89,16.71,1.58,6029.57,83.35,MC,HINDPETRO,0
https://www.screener.in/company/CUMMINSIND/,2883.4,44.69,41.08,70.2,12.34,79927.85,35.23,28.11,19.03,37.15,40.15,23.68,19.84,0,1945.93,56.26,MC,CUMMINSIND,0
https://www.screener.in/company/BHEL/consolidated/,226.55,72.44,151.67,1.49,3.26,78726.19,3.37,1.13,15.7,15.19,89.49,0.13,-2.13,0.38,519.07,-283.12,MC,BHEL,0
https://www.screener.in/company/TORNTPOWER/consolidated/,1535.75,32.66,32.87,48.63,5.81,77541.61,14.77,15.21,9.53,27.38,16.55,14.41,14.71,0.87,2428.43,88.85,MC,TORNTPOWER,0
https://www.screener.in/company/IDEA/consolidated/,7.12,1630.9,,-4.46,,77033.84,-3.61,,1.38,9.19,,-4.41,,,-27891.9,121.36,MC,IDEA,0
https://www.screener.in/company/HEROMOTOCO/consolidated/,3839.9,62.67,18.57,207.65,4.04,76836.06,29.09,21.95,10.83,11.33,21,24.23,18.72,0.03,4150.52,82.57,MC,HEROMOTOCO,0
https://www.screener.in/company/SUZLON/consolidated/,56.36,665.1,65.25,0.85,16.97,76368.28,24.93,28.77,54.24,136.36,102.63,5.64,,0.06,1144.77,7.39,MC,SUZLON,0
https://www.screener.in/company/INDIANB/consolidated/,563,12.38,7.17,78.51,1.14,75853.78,5.92,15.35,14.16,38.36,7.06,5.12,11.26,10.97,10578.83,-19.63,MC,INDIANB,0
https://www.screener.in/company/OFSS/consolidated/,8701.05,51.94,31.76,273.95,9.04,75559.88,40.61,29.34,7.44,7.21,18.17,37.6,27.38,0.01,2379.6,65.05,MC,OFSS,0
https://www.screener.in/company/WAAREEENER/consolidated/,2605.25,43.67,40.04,65,7.89,74896.37,35.12,27.57,26.73,89.26,48.38,33.44,29.97,0.13,1928.13,101.12,MC,WAAREEENER,0
https://www.screener.in/company/POLICYBZR/consolidated/,1625,38.77,359.17,5.33,12.22,74564.08,1.75,1.13,41.7,6260.24,653.1,-14.65,-10.44,0.05,242.69,4.49,MC,POLICYBZR,0
https://www.screener.in/company/GICRE/consolidated/,417.15,25.97,9.76,42.83,1.23,73294.63,15.78,13.31,1.34,9.93,9.48,11.19,9.99,0,7513.41,140.4,MC,GICRE,0
https://www.screener.in/company/RVNL/,349.1,85.33,58.32,5.99,9.16,72828.46,18.7,20.39,-2.55,-9.19,9.16,16.62,20.27,0.68,1248.62,116.24,MC,RVNL,0
https://www.screener.in/company/IOB/,37.6,508.78,23.45,1.64,2.42,72499.33,5.41,9.98,19.96,23.79,31.32,4.13,-1.2,11.9,3091.73,-6.49,MC,IOB,0
https://www.screener.in/company/SWIGGY/consolidated/,316.4,95.1,,,10,72402.59,-24.39,,36.09,44.7,,-36.18,,0.15,-2350.24,72.43,MC,SWIGGY,0
https://www.screener.in/company/AUROPHARMA/consolidated/,1229.4,29.54,20.26,59.58,2.33,72029.34,14.1,11.53,10.85,26.71,16.72,14.7,12.69,0.27,3488.09,38.28,MC,AUROPHARMA,0
https://www.screener.in/company/COLPAL/,2583.1,50.71,48.05,53.74,42.51,70228.72,96.8,74.52,9.5,14.59,45.55,85.05,67.63,0.04,1461.63,60.63,MC,COLPAL,0
https://www.screener.in/company/PATANJALI/,1901,6.79,59.93,31.74,6.35,68875.09,11.14,7.63,4.08,39.7,59.23,11.85,,0.1,1149.12,114.47,MC,PATANJALI,0
https://www.screener.in/company/OIL/consolidated/,408.95,87.77,9.03,45.38,1.26,66577.74,17.67,18.01,5.39,5.9,4.56,18.34,19.86,0.53,7875.6,76.65,MC,OIL,0
https://www.screener.in/company/ASHOKLEY/consolidated/,225.85,17.2,23.8,9.64,6.44,66382.65,15.01,28.35,4.47,18.28,28.92,9.28,10.07,4.3,3070.56,-77.98,MC,ASHOKLEY,0
https://www.screener.in/company/ATGL/consolidated/,599.35,567.39,100.77,5.95,15.67,65944.16,17.45,16.81,11.74,-1.91,169.73,23.15,20.79,0.44,654.41,81.75,MC,ATGL,0
https://www.screener.in/company/COROMANDEL/consolidated/,2213,3.75,36.47,70.14,5.88,65413.62,24.09,17.49,9.19,9.61,17.54,31,22.72,0.07,2054.71,48.67,MC,COROMANDEL,0
https://www.screener.in/company/INDUSINDBK/,838.45,143.07,9.04,92.79,1,65292.51,7.93,15.25,15.29,-16.4,13.97,6.96,12.53,7.02,7225.73,-44.91,MC,INDUSINDBK,0
https://www.screener.in/company/POWERINDIA/,14529,13.91,207.85,74.03,43.9,65213.48,17.85,12.74,27.08,210.86,172.46,18.98,,0.25,313.75,68.43,MC,POWERINDIA,0
https://www.screener.in/company/GODREJPROP/consolidated/,2158.55,57.64,43.84,53.11,5.99,64975.12,5.74,6.79,29.84,122.48,89.16,5.09,3.92,1.25,1488.8,-63.06,MC,GODREJPROP,0
https://www.screener.in/company/ABBOTINDIA/,29845,6.89,47.54,628,18.02,63432.53,46.02,34.88,8.51,16.49,49.57,39.19,30.47,0.02,1334.46,71.29,MC,ABBOTINDIA,0
https://www.screener.in/company/BERGEPAINT/consolidated/,541.3,34.39,55.34,9.78,11.29,63121.45,27.51,23.54,2.15,0.81,69.23,26.39,22.89,0.14,1142.52,81.23,MC,BERGEPAINT,0
https://www.screener.in/company/LLOYDSME/,1200.2,23.15,43.28,27.73,9.81,62802.11,38.36,31.49,3.06,18.06,26.06,47.59,45.08,0.12,1450.95,60.11,MC,LLOYDSME,0
https://www.screener.in/company/JSWINFRA/consolidated/,293.1,23.17,46.44,6.3,7.24,61438.6,16.41,18.96,19.75,17.44,51.14,12.57,14.7,0.56,1334.98,81.5,MC,JSWINFRA,0
https://www.screener.in/company/ALKEM/consolidated/,5124.5,25.67,28.34,180.08,5.33,61271.69,19.68,19.56,0.97,28.53,28.3,18.31,18.68,0.13,2197.47,76.11,MC,ALKEM,0
https://www.screener.in/company/IRCTC/,750.75,70.4,48.67,15.51,17.04,60044.25,53.77,40.45,11.86,8.55,68.08,48.45,37.51,0.01,1241.08,54.1,MC,IRCTC,0
https://www.screener.in/company/PHOENIXLTD/consolidated/,1663.75,24.33,57.59,29.15,5.96,59448.35,12.44,12.13,20.65,4.21,55.78,8.03,8.37,0.47,1351.21,94.68,MC,PHOENIXLTD,0
https://www.screener.in/company/OBEROIRLTY/consolidated/,1631,44.07,26.66,61.21,3.78,59318.17,18.16,15.06,17.58,26.64,28.08,14.14,13.16,0.21,2225.51,65.56,MC,OBEROIRLTY,0
https://www.screener.in/company/PRESTIGE/consolidated/,1373.35,51.08,101.6,14.17,3.58,59180.07,14.86,12.9,-4.31,-65.6,36.18,11.48,8.62,0.75,809.7,31.99,MC,PRESTIGE,0
https://www.screener.in/company/SUNDARMFIN/consolidated/,5211.8,6.22,35.48,143.51,4.63,57875.14,9.21,14.16,27.11,1.87,22.49,8.55,14.16,4.5,1798.88,-150.14,MC,SUNDARMFIN,0
https://www.screener.in/company/MRF/consolidated/,134799.9,12.35,32.61,4134,3.24,57175.24,16.12,12.55,11.22,-13.45,27.79,11.15,8.68,0.18,1753.29,74.48,MC,MRF,0
https://www.screener.in/company/NMDC/consolidated/,64.79,127.75,8.78,7.37,2.01,56944.82,30.91,23.93,13.16,12.5,6.84,32.51,23.98,0.15,6464.1,85.35,MC,NMDC,0
https://www.screener.in/company/UBL/consolidated/,2150,6.96,129.44,16.09,13.46,56830.06,13.49,10.06,12.51,29.69,123.2,11.99,8.81,0.03,426.2,9.03,MC,UBL,0
https://www.screener.in/company/BDL/,1529.4,17.35,99.16,15.43,15.02,56089.46,24.23,17.9,4.7,18.66,28.34,21.89,15.74,0,565.66,45.8,MC,BDL,0
https://www.screener.in/company/TIINDIA/consolidated/,2896.75,66.08,68.38,42.22,10.5,56043.34,26.28,26.48,16.24,-7.12,65.19,23.73,24.64,0.13,1167.41,30.46,MC,TIINDIA,0
https://www.screener.in/company/NYKAA/consolidated/,194.2,120.91,1053.42,0.18,42.55,55546.98,6.87,2.44,25.53,90.98,1413.47,7.43,3.22,1,62.09,0.07,MC,NYKAA,0
https://www.screener.in/company/YESBANK/consolidated/,17.72,2179.91,22.7,0.78,1.16,55532.27,6.36,5.44,12,90.13,47.29,5.04,1.11,7.45,2446.49,25.32,MC,YESBANK,0
https://www.screener.in/company/PAYTM/consolidated/,864.3,126.89,,-10.53,3.79,55135.32,-8.5,-9.07,-27.77,-94.52,,-19.55,-18.67,0.01,-669.1,-163.15,MC,PAYTM,0
https://www.screener.in/company/PIIND/consolidated/,3620.85,32.68,32.34,112,5.76,54945.4,24,21.13,5.89,6.69,46.97,21.6,18.48,0.02,1699.2,90.55,MC,PIIND,0
https://www.screener.in/company/UPL/consolidated/,669.6,23.88,,0.49,2.1,54543.61,3.29,-4.28,-0.98,91.66,17.96,10.91,10.33,1.23,-339,38.24,MC,UPL,0
https://www.screener.in/company/VMM/consolidated/,118.35,7.2,86.19,1.37,8.5,54466.19,13.11,10.51,20.25,39.41,104.14,9.64,6.59,0.27,631.97,88.06,MC,VMM,0
https://www.screener.in/company/SCHAEFFLER/,3459,43.13,53.28,64.96,10.04,54100.05,25.67,19.17,12.94,10.28,52.41,23.79,18.32,0.01,1015.41,55.62,MC,SCHAEFFLER,0
https://www.screener.in/company/LINDEINDIA/,6328.05,57,124.54,50.92,15.21,54084.17,17.36,12.88,-8.86,3.21,91.34,15.24,12.1,0.01,434.25,56.53,MC,LINDEINDIA,0
https://www.screener.in/company/KALYANKJIL/consolidated/,516.7,53.94,80.27,6.45,12.22,53304.55,14.04,15.22,34.65,20.64,41.06,10.82,9.61,1.04,664.06,91.77,MC,KALYANKJIL,0
https://www.screener.in/company/BHARATFORG/consolidated/,1104.4,65.36,55.59,19.11,7.25,52886.39,12.9,12.69,1.9,14.57,63.4,8.46,9.46,1.06,857.77,60.98,MC,BHARATFORG,0
https://www.screener.in/company/BANKINDIA/consolidated/,115.15,411.51,6.15,18.71,0.69,52432.87,5.69,9.98,18.35,33.08,8.24,4.43,4.56,12.25,8523.63,-9.13,MC,BANKINDIA,0
https://www.screener.in/company/FORTIS/consolidated/,685.55,8.6,65.8,10.19,6.6,51725.15,10.34,7.85,12.03,46.87,57.37,7.35,4.47,0.15,824.5,83.9,MC,FORTIS,0
https://www.screener.in/company/BALKRISIND/consolidated/,2666.25,26.69,29.1,91.72,5.48,51601.8,17.62,17.55,15.24,42.48,32.57,19.21,18.11,0.33,1773.16,78.17,MC,BALKRISIND,0
https://www.screener.in/company/UNOMINDA/consolidated/,894.3,40.33,54.58,16.82,9.64,51376.18,19.94,18.89,22.2,21.64,61.71,14.6,14.81,0.4,1033.05,54.34,MC,UNOMINDA,0
https://www.screener.in/company/ABCAPITAL/consolidated/,195.25,35.21,13.81,14.26,1.77,50918.92,9.95,14.15,24.9,37.05,17.74,9.18,14.66,4.24,3812.41,-194.46,MC,ABCAPITAL,0
https://www.screener.in/company/PAGEIND/,45416,19.67,75.3,603.68,34,50701.95,45.02,38.35,6.27,24.85,82.39,53.53,44.13,0.14,673.34,121.12,MC,PAGEIND,0
https://www.screener.in/company/AUBANK/,678.3,19.92,23.98,28.29,2.96,50497.94,8.4,14.23,52.19,37.12,30.65,7.93,15.35,7.98,2105.93,50.39,MC,AUBANK,0
https://www.screener.in/company/GLAXO/consolidated/,2940.1,7.07,58.26,50.72,29.77,49768.49,51.33,37.32,11.88,33.18,56.35,39.01,37.29,0.01,859.19,59.29,MC,GLAXO,0
https://www.screener.in/company/FACT/,763.9,55.39,591.52,-1.4,37.92,49439.62,16.94,29.39,-22.56,-80.82,30.72,29.54,,1.39,-90.69,49.71,MC,FACT,0
https://www.screener.in/company/COFORGE/consolidated/,7297.5,37.4,63.74,118.71,8.16,48816.26,28.6,24.09,23.91,4.14,41.72,28.62,23,0.18,858,60.67,MC,COFORGE,0
https://www.screener.in/company/FEDERALBNK/consolidated/,196.6,10.38,11.97,16.5,1.48,48312.84,6.93,14.84,22.93,4.53,10.1,5.96,12.96,9.27,4109.71,32.19,MC,FEDERALBNK,0
https://www.screener.in/company/JSL/consolidated/,583.1,45.43,19.92,29.32,3.11,48038.25,22.23,19.88,-0.79,-14.83,13.08,22.9,22.68,0.42,2410.41,97.95,MC,JSL,0
https://www.screener.in/company/IDFCFIRSTB/consolidated/,64.89,55.25,31.88,2.04,1.25,47507.87,6.22,4.24,20.37,-49.23,20.57,6.12,6.07,7.66,1490.35,75.84,MC,IDFCFIRSTB,0
https://www.screener.in/company/JUBLFOOD/consolidated/,715.2,28.36,205.82,5.61,21.6,47208.8,11.2,12.98,42.24,4.08,133.48,18.88,19.41,1.94,376.04,83.02,MC,JUBLFOOD,0
https://www.screener.in/company/PETRONET/,313.8,22.66,13.1,23.96,2.54,47092.8,26.41,22.19,-0.67,5.3,11.46,27.94,24.55,0.15,3593.77,83.62,MC,PETRONET,0
https://www.screener.in/company/SAIL/consolidated/,113.71,157.67,16.07,5.44,0.82,46960.06,8.1,6.44,-5.1,-13.5,12.14,11.47,10.18,0.72,2246.5,23.24,MC,SAIL,0
https://www.screener.in/company/MPHASIS/consolidated/,2460.25,48.76,27.48,89.55,4.85,46773.73,22.2,18.48,7.17,10.34,28.15,25.5,19.8,0.2,1702.14,65.65,MC,MPHASIS,0
https://www.screener.in/company/PGHH/,14279.65,34.81,64.86,220.55,49.02,46435.26,112.44,78.92,7.72,-5.28,76.26,94.99,68.74,0,715.92,45.77,MC,PGHH,0
https://www.screener.in/company/TATACOMM/consolidated/,1585,37.22,39.72,64.43,14.95,45195.39,14.82,47.34,10.2,5.62,31.95,19.23,,4.09,1836.78,61.94,MC,TATACOMM,0
https://www.screener.in/company/LTTS/consolidated/,4267.3,40.6,35.77,119.64,7.43,45192.3,28.34,22.15,10.6,-1.99,39.17,31.25,24.53,0.1,1263.5,70.44,MC,LTTS,0
https://www.screener.in/company/543225/consolidated/,148,9.46,49.33,3.27,2.34,45101.52,7.27,5.48,39.75,-23.78,44.12,5.61,,2.59,914.2,116.07,MC,543225,0
https://www.screener.in/company/SUPREMEIND/consolidated/,3542.4,82.99,46.83,75.64,7.95,45004.28,22.95,17.84,3.08,-7,40.37,30.8,23.32,0.01,960.88,62.36,MC,SUPREMEIND,0
https://www.screener.in/company/MFSL/consolidated/,1304.6,0.79,178.59,7.3,8.71,44973.77,9.77,9.21,17.7,-41.44,80.4,13.07,9.7,0.1,315.01,1322.71,MC,MFSL,0
https://www.screener.in/company/APLAPOLLO/consolidated/,1618.65,11.59,70.82,22.86,11.67,44927.13,25.18,22.05,12.16,-16.95,50.76,26.11,23.95,0.27,634.39,88.06,MC,APLAPOLLO,0
https://www.screener.in/company/IREDA/,167.05,85.57,26.44,6.32,4.37,44901.78,9.57,18.05,35.79,35.59,35.63,8.69,16.45,6.03,1698.6,-230.14,MC,IREDA,0
https://www.screener.in/company/HUDCO/consolidated/,223.46,58.4,16.69,13.4,2.61,44758.09,9.23,13.17,25.87,30.45,6.04,9.27,12.73,5.46,2681.56,-131.77,MC,HUDCO,0
https://www.screener.in/company/PREMIERENE/consolidated/,971,42.95,189.66,8.78,19.04,43805.17,25.23,43.66,120.07,1655.8,118.85,11.99,,0.55,231.36,17.81,MC,PREMIERENE,0
https://www.screener.in/company/FLUOROCHEM/consolidated/,3873.8,26,93.45,41.51,6.94,42616.05,9.76,7.69,0.55,-31.52,40.66,16.09,11.55,0.35,456,61.31,MC,FLUOROCHEM,0
https://www.screener.in/company/HEXT/consolidated/,701.5,21.17,36.62,19.36,7.95,42615.16,29.52,23.29,15.36,17.45,18.35,27.07,22.19,0.11,1174,81.63,MC,HEXT,0
https://www.screener.in/company/GODFRYPHLP/consolidated/,8125,4.37,40.38,193.66,8.97,42288.65,22.17,18.97,26.64,28.34,14.66,19.07,16.2,0.05,1007.82,26.7,MC,GODFRYPHLP,0
https://www.screener.in/company/COCHINSHIP/,1591.75,87.18,50.87,31.28,7.88,41864.49,21.62,17.21,36.89,50.28,10.81,18.79,14.19,0.09,822.88,-14.49,MC,COCHINSHIP,0
https://www.screener.in/company/CONCOR/consolidated/,675.25,76.82,30.89,21.45,3.38,41157.57,13.93,10.93,4.84,8.99,39.53,12.28,9.31,0.08,1310.79,58.9,MC,CONCOR,0
https://www.screener.in/company/LTF/consolidated/,164.25,21.1,15.51,10.6,1.6,41001.9,8.7,10.79,17.26,14.06,19.4,7.3,6.14,3.61,2643.42,-172.29,MC,LTF,0
https://www.screener.in/company/VOLTAS/consolidated/,1234.5,57.65,57.65,21.66,6.5,40842.87,8.51,4.4,32.16,152.51,71.47,12.83,8.22,0.14,709.23,129.15,MC,VOLTAS,0
https://www.screener.in/company/NAM-INDIA/consolidated/,638.1,27.92,31.46,20.27,9.61,40464.63,41.07,31.39,9.58,16.17,31.45,33.02,25.98,0.02,1286.39,69.27,MC,NAM-INDIA,0
https://www.screener.in/company/ITCHOTELS/,194.43,9.71,,,,40454.02,,,,,,0,,,,,MC,ITCHOTELS,0
https://www.screener.in/company/GVT&D/,1563,43.51,82.05,19.06,29.07,40048.89,23.14,15.66,37.06,450.69,157.11,3.87,-2.79,0.03,488.13,146.23,MC,GVT&D,0
https://www.screener.in/company/JKCEMENT/consolidated/,5126.5,3.83,62.87,93.25,7.17,39681.27,15.8,15.94,1.56,-8.45,35.38,16.02,15.96,1.04,730.52,88.42,MC,JKCEMENT,0
https://www.screener.in/company/MOTILALOFS/consolidated/,652.4,63.09,15.64,41.74,3.53,39122.46,18.67,25.25,17.96,2.45,11.14,18.65,26.44,1.33,2508.18,26.27,MC,MOTILALOFS,0
https://www.screener.in/company/THERMAX/consolidated/,3282.75,77.9,64.27,51.95,8.47,39060.59,16.93,14.15,13.49,11.41,70.6,13.1,10.38,0.32,608.73,24.01,MC,THERMAX,0
https://www.screener.in/company/MAHABANK/consolidated/,50.69,90.87,7.03,7.21,1.36,38980.92,5.78,22.82,21.73,36.13,10.97,4.82,17.03,11.53,5541.78,40.14,MC,MAHABANK,0
https://www.screener.in/company/UCOBANK/,31.04,390.98,15.91,1.95,1.26,38910.66,5.76,8.38,14.7,47.88,25.3,4.74,5.59,10.39,2444.96,9.92,MC,UCOBANK,0
https://www.screener.in/company/GLENMARK/consolidated/,1377.5,32.92,,-6.23,4.6,38877.04,12.34,-50.87,11.73,-5102.23,15.62,13.25,-2.77,0.2,-171.52,-13.05,MC,GLENMARK,0
https://www.screener.in/company/BIOCON/consolidated/,321.7,51.62,46.92,6.7,1.84,38629.36,5.96,5.25,1.02,-31.31,49.35,8.46,7.05,0.8,1192.9,73.62,MC,BIOCON,0
https://www.screener.in/company/360ONE/consolidated/,981.05,34.35,35.68,25.83,5.46,38578.21,14.91,20.57,12.81,34.47,32.31,13.05,20.01,1.58,1015.3,-100.79,MC,360ONE,0
https://www.screener.in/company/SJVN/consolidated/,94.07,81.25,40.36,2.57,2.53,36967.59,4.99,5.9,17.32,2.52,10.21,10.8,10.1,1.63,1006.82,62.04,MC,SJVN,0
https://www.screener.in/company/KAYNES/consolidated/,5715,36.92,141.68,40.45,14.07,36654.23,14.53,10.53,55.01,80.37,114.95,18.79,,0.27,258.71,22.6,MC,KAYNES,0
https://www.screener.in/company/GODREJIND/consolidated/,1082.85,21.35,47.21,14.45,4.3,36491.67,5.59,0.65,9.24,15.05,37.69,7.2,6.9,4.14,1416.78,-167.89,MC,GODREJIND,0
https://www.screener.in/company/DALBHARAT/consolidated/,1941.85,31.24,46.85,36.41,2.1,36423.28,5.97,4.6,-4.84,1.49,38.51,7.63,6.1,0.33,699,79.59,MC,DALBHARAT,0
https://www.screener.in/company/EMBASSY/consolidated/,381.97,34.04,22.28,17.14,1.59,36192.48,3.67,7.06,8.15,73.06,40.23,4.4,3.76,0.88,1624.44,115.63,MC,EMBASSY,0
https://www.screener.in/company/ESCORTS/consolidated/,3231.4,36.84,31.7,107.74,3.68,36186.28,16.08,12,3.71,15.63,31.93,18.49,12.69,0.01,1198.42,65.69,MC,ESCORTS,0
https://www.screener.in/company/ASTRAL/consolidated/,1344.9,82.47,69.16,19.58,10.73,36106.19,23.16,18.05,4.59,-7.52,93.44,25.25,19.76,0.06,522.1,87.36,MC,ASTRAL,0
https://www.screener.in/company/TATAELXSI/,5763.9,86.69,45.75,126.03,12.56,35910.23,36.22,29.26,4.98,-0.81,59.51,42.89,34.12,0.07,784.94,70.47,MC,TATAELXSI,0
https://www.screener.in/company/NH/consolidated/,1747.3,7.19,45.57,38.35,11.14,35705.95,26.54,31.43,8.52,1.55,34.82,19.61,23.63,0.53,784.15,85.94,MC,NH,0
https://www.screener.in/company/ACC/consolidated/,1884.25,50.94,15.21,127.92,1.91,35370.74,17.58,13.33,9.04,7.86,23.09,15.85,12.22,0.02,2402.27,41.37,MC,ACC,0
https://www.screener.in/company/IPCALAB/consolidated/,1393.9,26.1,48.15,28.75,5.28,35351.14,12.77,9.35,21.47,36.81,34.54,18.81,14.93,0.18,722.58,66.78,MC,IPCALAB,0
https://www.screener.in/company/BLUESTARCO/consolidated/,1704.75,41.95,63.99,27.14,12.83,35050.18,25.51,21.17,25.55,52.86,65.28,20.42,18.85,0.13,556.99,40.36,MC,BLUESTARCO,0
https://www.screener.in/company/CHOLAHLDNG/consolidated/,1851.75,16.37,16.74,110.4,3.06,34709.31,10.72,19.81,30.81,24.34,13.2,10.05,17.52,13.85,4521.45,-243.08,MC,CHOLAHLDNG,0
https://www.screener.in/company/AWL/consolidated/,267.05,228.91,28.33,9.43,3.68,34707.92,20.84,13.81,24.21,674.78,90.63,17.1,10.48,0.21,1225.81,79.04,MC,AWL,0
https://www.screener.in/company/KPRMILL/consolidated/,1004.95,18.81,41.67,24.11,7.34,34342.22,20.62,19.49,0.05,2.86,24.58,23.98,23.08,0.08,824.17,53,MC,KPRMILL,0
https://www.screener.in/company/KPITTECH/consolidated/,1249.45,54.37,40.8,30.63,11.76,34256.97,40.88,33.2,19.93,41.77,58.13,29.64,26.93,0.12,839.6,99.26,MC,KPITTECH,0
https://www.screener.in/company/AJANTPHARM/consolidated/,2706.1,28.81,36.74,73.68,9.32,33811.63,33.33,25.59,10.44,13.91,27.75,29.69,22.58,0.01,920.39,85.47,MC,AJANTPHARM,0
https://www.screener.in/company/CENTRALBK/consolidated/,37.1,471.78,8.53,4.35,0.91,33571.84,5.45,11.36,9.56,46.67,14.67,4.57,5.79,11.8,3943.21,-9.91,MC,CENTRALBK,0
https://www.screener.in/company/3MINDIA/,29770,37.72,60.45,492.91,20.14,33566.5,33.04,24.81,5.49,6.52,80.23,19.82,14.6,0.01,555.27,75.51,MC,3MINDIA,0
https://www.screener.in/company/LICHSGFIN/consolidated/,600.75,37.66,6.41,93.64,0.98,33023.27,8.79,16.22,3.71,5.75,7.34,8.14,13.15,7.67,5150.99,-29.17,MC,LICHSGFIN,0
https://www.screener.in/company/RADICO/,2446.4,7.82,105.28,23.27,13.08,32769.55,13.16,11.29,19.48,31.76,57.54,15.7,13.24,0.36,311.27,35.49,MC,RADICO,0
https://www.screener.in/company/CRISIL/consolidated/,4450,56.3,46.12,96.57,12.69,32573.98,35.6,27.81,5.47,8.58,47.61,38.64,30.11,0.1,706.19,78.94,MC,CRISIL,0
https://www.screener.in/company/LAURUSLABS/consolidated/,603.8,19.87,90.82,6.64,7.28,32544.26,9.96,8.35,10.18,121.59,33.48,20.92,18.14,0.62,358.34,53.23,MC,LAURUSLABS,0
https://www.screener.in/company/M&MFIN/consolidated/,261.55,32.5,14.29,18.31,1.5,32316.8,8.84,10.91,15.66,17.28,16.65,8.29,9.2,5.53,2260.87,-132.63,MC,M&MFIN,0
https://www.screener.in/company/MEDANTA/consolidated/,1200,26.16,63.56,18.9,10.26,32240.07,19.32,17.93,12.71,12.29,61.35,12.21,12.01,0.22,507.29,70.05,MC,MEDANTA,0
https://www.screener.in/company/ABFRL/consolidated/,263.25,38.46,,-6.07,6.87,32098.7,0.25,-18.93,9.76,-9.2,94.28,2.51,-13.8,2.44,-738.33,79.61,MC,ABFRL,0
https://www.screener.in/company/NLCINDIA/consolidated/,227.3,37.18,13.98,16.25,1.78,31504.78,6.54,6.79,2.69,-12.5,8.25,8.93,9.5,1.27,2359.07,124.98,MC,NLCINDIA,0
https://www.screener.in/company/GUJGASLTD/,453.4,73.5,25.47,18.42,3.93,31238.29,20.51,15.03,6.68,11.24,26.86,29.18,25.3,0.02,1267.87,81.25,MC,GUJGASLTD,0
https://www.screener.in/company/MCX/consolidated/,6100,15.55,60.72,100.48,19.63,31115.49,7.15,5.82,57.58,74168.12,44,13.14,10.82,0,512.45,376.98,MC,MCX,0
https://www.screener.in/company/HONAUT/,34500,73.9,57.27,601.59,8.1,30458.77,19.85,14.76,1.73,14.34,81.17,23.3,16.57,0.02,531.9,59.48,MC,HONAUT,0
https://www.screener.in/company/TATAINVEST/consolidated/,5941.4,64.22,96.23,61.68,0.97,30029.76,1.21,1.02,-20.79,-18.93,45.6,1.45,1.28,0,312.09,55.69,MC,TATAINVEST,0
https://www.screener.in/company/SONACOMS/consolidated/,481.35,74.49,50.18,9.71,5.72,29935.53,24.02,20.91,17.16,19.89,76.47,21.56,19.8,0.04,584.08,75.59,MC,SONACOMS,0
https://www.screener.in/company/APOLLOTYRE/consolidated/,471.05,24.17,22.18,20.32,2.09,29932.85,16.45,13.22,2.33,-24.53,19.35,9.63,7.97,0.34,1290.79,74.99,MC,APOLLOTYRE,0
https://www.screener.in/company/EXIDEIND/consolidated/,351.8,76.34,37.63,9.35,2.15,29911.08,8.87,5.93,2.79,-6.11,22.35,10.81,14.54,0.14,800.5,66.6,MC,EXIDEIND,0
https://www.screener.in/company/AIAENG/consolidated/,3169.75,56.16,28.89,109.84,4.67,29903.73,22.71,18.3,-13.99,-9.41,30.9,20.08,16.6,0.02,1035.2,55.93,MC,AIAENG,0
https://www.screener.in/company/KEI/,3061.65,64.63,45.84,69.75,8.46,29274.13,27.21,20.25,17.92,16.04,32.27,25.18,19.66,0.1,638.66,68.88,MC,KEI,0
https://www.screener.in/company/AIIL/,1718,17,7.34,234.33,2.27,29228.16,39.34,44.05,184.96,208.7,7.49,17.32,30.1,0.03,3979.98,-3.65,SC,AIIL,0
https://www.screener.in/company/METROBRAND/consolidated/,1068.8,34.84,70.92,15.11,14.76,29151.41,19.66,24.2,5.6,26.15,82.45,18.76,21.1,0.57,414.69,76.56,SC,METROBRAND,0
https://www.screener.in/company/POONAWALLA/consolidated/,373.75,39.12,,-1.26,3.56,29085.87,4.79,-1.2,-22.67,-109.34,45.33,6.21,3.93,3.19,-98.34,-731.55,SC,POONAWALLA,0
https://www.screener.in/company/SUVENPHAR/consolidated/,1125.15,20.87,102.87,10.97,14.48,28699.2,18.78,14.11,-10.22,-24.77,32.85,36.47,26.39,0.02,279.41,84.77,SC,SUVENPHAR,0
https://www.screener.in/company/NATIONALUM/,156.2,68.44,7.27,23.21,1.81,28688.19,16.95,12.58,14.03,151.95,12.9,16.21,13.02,0.01,4262.13,87.07,SC,NATIONALUM,0
https://www.screener.in/company/NIACL/consolidated/,172,122.34,28.7,6,0.93,28368.78,0.56,1.19,3.75,6.27,23.27,3.09,2.7,0,994.91,-2219.5,SC,NIACL,0
https://www.screener.in/company/PPLPHARMA/consolidated/,211.05,45.89,532.95,0.3,3.54,27974.64,5.49,0.22,15,252.41,590.95,4.87,,0.61,38.9,70.38,SC,PPLPHARMA,0
https://www.screener.in/company/CHAMBLFERT/consolidated/,692.15,2.23,17.22,40.33,3.38,27823.68,20.21,16.98,-11,26.94,10.29,18.74,23.19,0.01,1615.87,145.45,SC,CHAMBLFERT,0
https://www.screener.in/company/CDSL/consolidated/,1320,50.74,49.69,26.58,18.04,27588,40.18,31.31,57.78,57.3,46.19,31.9,26.36,0,555.34,66.16,SC,CDSL,0
https://www.screener.in/company/IRB/consolidated/,45.65,71.19,36.96,10.69,1.98,27579.77,8.96,4.38,8,36.38,29.26,9.91,4.95,1.35,6454.84,106.8,SC,IRB,0
https://www.screener.in/company/AEGISLOG/consolidated/,781.95,32.62,47.48,16.47,6.66,27441.25,14.74,15.13,-6.35,12.5,32.79,15.05,14.21,1.06,706.89,59.56,SC,AEGISLOG,0
https://www.screener.in/company/EMAMILTD/consolidated/,625.5,37.49,34.68,18.17,10.38,27305.23,31.72,29.95,6.09,9.23,34.34,27.42,27.94,0.03,787.32,80.17,SC,EMAMILTD,0
https://www.screener.in/company/IGL/consolidated/,192.59,56.81,15.73,12.27,2.54,26953.89,21.43,16.92,6.63,-11.78,18.93,25.52,19.93,0.01,1713.01,82.39,SC,IGL,0
https://www.screener.in/company/TATATECH/consolidated/,657.85,112.81,39.45,16.69,7.46,26705.01,25.8,19.91,1,-0.36,60.73,24.3,19.9,0.07,676.95,65.83,SC,TATATECH,0
https://www.screener.in/company/BANDHANBNK/,165.62,347.89,9.72,17.04,1.1,26688.86,7.83,11.94,16.32,23.14,15.09,6.74,9.92,6.66,2745.3,105.17,SC,BANDHANBNK,0
https://www.screener.in/company/ENDURANCE/consolidated/,1875.45,63.23,32.93,56.97,4.97,26389.67,16.6,13.64,15.24,32.06,41.42,16.46,14.22,0.14,801.38,77.75,SC,ENDURANCE,0
https://www.screener.in/company/KIMS/consolidated/,658.05,7.59,75.67,8.7,13.15,26348.68,16.87,17.63,17.69,3.04,46.29,24.63,22.55,0.89,379.9,79.18,SC,KIMS,0
https://www.screener.in/company/DEEPAKNTR/consolidated/,1926.9,64.46,38.1,54.89,5.17,26310.04,21.65,16.38,9.46,-12.67,31.61,34.68,28.19,0.17,748.71,75.09,SC,DEEPAKNTR,0
https://www.screener.in/company/GODIGIT/,285.15,42.92,61.78,4.6,5.74,26252.35,10.65,11.67,15.02,133.89,107.85,0.11,,0.08,424.94,377.47,SC,GODIGIT,0
https://www.screener.in/company/PNBHOUSING/,1010,40.86,13.47,74.98,1.56,26246.06,9.45,12.27,8.83,27.58,13.31,8.71,11.03,3.7,1948.95,-114.29,SC,PNBHOUSING,0
https://www.screener.in/company/GILLETTE/,8013,33.52,55.08,145.48,24.08,26109.54,58.91,42.49,9.74,21.21,59.64,50.21,36.22,0,474.04,77.12,SC,GILLETTE,0
https://www.screener.in/company/POLYMED/consolidated/,2567.8,30.77,82.73,31.88,10.05,26065.75,23.62,19.08,23.19,26.68,60.14,21.02,17.24,0.06,315.08,63.01,SC,POLYMED,0
https://www.screener.in/company/NHIT/consolidated/,134.5,2.79,102.88,2.55,1.24,26050.64,2.82,2.7,81.4,-10.82,54.83,3.27,,0.85,276.2,105.51,SC,NHIT,0
https://www.screener.in/company/JSWHL/,23250,19.4,148.77,157.7,0.81,26040.64,0.72,0.55,47.05,50.13,39.69,1.27,0.97,0,175.04,73.01,SC,JSWHL,0
https://www.screener.in/company/NBCC/consolidated/,95.19,46.9,45.41,1.86,10.99,25701.3,31.99,24.85,24.32,29.63,31.95,23.27,17.08,0,516.25,9.99,SC,NBCC,0
https://www.screener.in/company/SYNGENE/consolidated/,631,52.23,53.9,12.33,5.37,25448.64,13.46,10.51,4.41,-9.36,59.12,14.05,12.96,0.12,496.2,104.85,SC,SYNGENE,0
https://www.screener.in/company/SUMICHEM/,508.45,23.57,49.55,10.27,9.36,25406.75,20.83,15.33,9.58,54.06,52.83,28.79,21.39,0.01,512.82,132.72,SC,SUMICHEM,0
https://www.screener.in/company/ASTERDM/consolidated/,508,9.9,87.69,105.6,7.38,25385.18,4.48,3.13,16.4,74.4,38.49,7.09,9.23,0.56,5320.18,26.3,SC,ASTERDM,0
https://www.screener.in/company/IKS/consolidated/,1466,49.39,67.88,21.68,,25140.75,30.01,37.29,76.28,12.23,79.9,43.46,,1.13,370.49,37.38,SC,IKS,0
https://www.screener.in/company/JBCHEPHARM/consolidated/,1606,26.4,39.04,41.21,7.78,24987.57,24.55,20.02,13.16,24.5,37.79,25.07,19.54,0.03,640.05,87.19,SC,JBCHEPHARM,0
https://www.screener.in/company/BRIGADE/consolidated/,1020.7,42.36,39.19,27.08,4.84,24967.93,12.66,11.71,31.69,155.34,82.68,7.86,5.59,1.05,641.99,24.46,SC,BRIGADE,0
https://www.screener.in/company/MSUMI/,55.8,43.37,39.03,1.43,15.25,24678.68,47.96,42.45,13.69,8.03,51.6,59.82,,0.17,632.37,77.55,SC,MSUMI,0
https://www.screener.in/company/ITI/,255.55,131.99,,-4.86,15.46,24570.4,-8.43,-27.8,120.64,-9.16,129.59,1.83,-5.72,1.07,-467.25,-355.51,SC,ITI,0
https://www.screener.in/company/JYOTICNC/consolidated/,1077.35,39.63,79.92,13.48,16.4,24507.05,21.22,20.83,26.84,221.77,109.74,6.2,-6.54,0.17,306.68,-15.71,SC,JYOTICNC,0
https://www.screener.in/company/SUNTV/consolidated/,618,77.64,13.94,44.32,2.15,24361.99,26.2,19.34,-3.01,-7.62,13.06,27.65,20.6,0.01,1747.29,69.13,SC,SUNTV,0
https://www.screener.in/company/PGEL/consolidated/,843.2,25.11,112.63,8.01,20.83,23891.78,18.72,18.86,61.57,101,53.74,16.38,,0.4,212.12,67.65,SC,PGEL,0
https://www.screener.in/company/FSL/consolidated/,338,25.09,40.68,8.41,5.83,23890.75,14.78,15.07,25.95,14.23,19.74,15.49,15.94,0.63,594.46,58.1,SC,FSL,0
https://www.screener.in/company/SHYAMMETL/consolidated/,855.1,11.91,26.32,32.53,2.34,23883.58,10.79,12.07,12.19,-14.68,11.61,21.35,18.54,0.11,911.05,104.24,SC,SHYAMMETL,0
https://www.screener.in/company/ZFCVINDIA/,12528.95,45.66,54.67,229.09,8.02,23754.79,20.9,15.4,-1.29,7.31,82.34,13.17,10,0.02,434.53,29.52,SC,ZFCVINDIA,0
https://www.screener.in/company/MRPL/consolidated/,134.21,115.52,418.62,0.32,1.81,23530.42,4.33,0.43,4.73,-98.48,9.2,12.56,19.54,1.01,56.21,75.9,SC,MRPL,0
https://www.screener.in/company/MINDSPACE/consolidated/,384.52,18.54,44.08,8.57,1.67,23425.55,6.52,3.76,6.56,34.09,44.92,4.69,3.03,0.61,544.74,85.62,SC,MINDSPACE,0
https://www.screener.in/company/EIHOTEL/consolidated/,370.45,52.79,33,11.34,5.66,23209.52,23.62,17.62,10.39,28.41,39.34,6.24,4.03,0.05,755.87,66.16,SC,EIHOTEL,0
https://www.screener.in/company/LALPATHLAB/consolidated/,2757.45,53.96,47.36,58.27,10.61,23069.51,28.78,24.22,10.54,36.1,71.81,26.83,21.87,0.07,492.2,72.1,SC,LALPATHLAB,0
https://www.screener.in/company/GLAND/consolidated/,1399.15,210.9,32.72,42.76,2.62,23050.26,13.58,9.26,16.63,1.59,39.68,20.28,,0.04,704.4,66.33,SC,GLAND,0
https://www.screener.in/company/STARHEALTH/,390.3,140.84,35.53,10.99,3.22,22944.19,11.93,9.57,14.83,-23.58,41.06,-7.51,-0.05,0.07,645.86,160.11,SC,STARHEALTH,0
https://www.screener.in/company/DELHIVERY/consolidated/,305.15,132.16,557.33,0.28,2.45,22778.1,-1.73,-2.94,11.23,112.18,764.17,-8.91,-11.03,0.15,21.08,86.62,SC,DELHIVERY,0
https://www.screener.in/company/APARINDS/consolidated/,5594.3,110.88,27.85,201.04,5.47,22483.99,43.96,26.83,12.93,-2.89,16.6,34.45,22.11,0.13,807.56,-17.2,SC,APARINDS,0
https://www.screener.in/company/NAVINFLUOR/consolidated/,4504.4,9.89,84.64,53.23,9.05,22342.64,10.43,10.07,4.18,-10.4,70.08,18.57,17.18,0.56,263.99,166.41,SC,NAVINFLUOR,0
https://www.screener.in/company/RAMCOCEM/consolidated/,941.35,20.33,113.82,15.84,3.07,22265.49,8.1,5.02,-5.08,-48.32,35.12,10.15,9.75,0.72,372.48,119.09,SC,RAMCOCEM,0
https://www.screener.in/company/AFFLE/consolidated/,1582.1,19.08,60.68,26.11,8.25,22223.81,16.25,15,28.24,34.59,66.22,29.23,21.17,0.05,366.29,62.87,SC,AFFLE,0
https://www.screener.in/company/INOXWIND/consolidated/,168.7,55.36,71.24,2.36,8.24,21998.79,4.26,-1.81,98.79,253.1,128.17,-5.45,-23.35,1.33,288.93,-110.81,SC,INOXWIND,0
https://www.screener.in/company/GRSE/,1917,47.87,55.64,34.46,11.92,21964.67,27.37,22.21,40,31.16,21.84,22.17,17.23,0.01,394.75,-137.14,SC,GRSE,0
https://www.screener.in/company/NUVAMA/consolidated/,6093.45,25.51,24.07,256.04,6.93,21912.33,16.54,24.28,39.61,71.96,28.12,14.76,,2.48,910.53,-105.72,SC,NUVAMA,0
https://www.screener.in/company/PEL/consolidated/,961,92.56,,23.09,0.8,21689.24,3.91,1.25,-3.58,-194.04,13.43,6.69,3.44,2.14,520.1,0.67,SC,PEL,0
https://www.screener.in/company/ASTRAZEN/,8660,6.36,129.15,38.79,31.87,21646.56,31.13,22.92,35.25,5.09,107.31,28.44,20.54,0.03,96.97,12.71,SC,ASTRAZEN,0
https://www.screener.in/company/HSCL/consolidated/,437.9,57.27,38.94,11.25,5.81,21615.96,22.01,16.41,10.22,35.42,33.28,12.59,11.16,0.08,555.09,49.33,SC,HSCL,0
https://www.screener.in/company/CROMPTON/consolidated/,335.2,52.98,41.51,8.16,6.95,21580.48,15.82,15.55,8.7,20.29,41.69,24.72,24.48,0.16,525.77,107.98,SC,CROMPTON,0
https://www.screener.in/company/DEVYANI/consolidated/,178.65,27.48,1607.46,0.17,18.49,21556.04,8.73,4.92,46.61,-87.78,121.02,10.12,,2.66,-39.1,86.26,SC,DEVYANI,0
https://www.screener.in/company/OLAELEC/consolidated/,48.72,223.34,,-5.98,3.27,21493.86,-32.13,,90.42,-14.36,,-28.69,,0.51,-1822,60.1,SC,OLAELEC,0
https://www.screener.in/company/ABREL/consolidated/,1915,64.07,1174.24,-2.36,5.28,21413.45,8.31,1.29,29.14,-91.22,81.46,5.9,3.99,1.17,-1.56,-45.32,SC,ABREL,0
https://www.screener.in/company/TATACHEM/consolidated/,836.2,61.41,43.71,-21.94,0.96,21293.1,7.81,2.32,-9.17,-71.89,19.13,13.48,13.45,0.29,-405,95.69,SC,TATACHEM,0
https://www.screener.in/company/BAYERCROP/,4684,53.65,40.36,115.86,6.83,21016.04,33.91,26.7,-1.45,-34.95,37.44,31.85,23.86,0.01,520.7,91.73,SC,BAYERCROP,0
https://www.screener.in/company/WOCKPHARMA/consolidated/,1296.7,54.18,,-12.5,6.21,21014.8,-0.83,-12.1,6.95,65.95,8.74,2.53,-0.11,0.69,-189,125.86,SC,WOCKPHARMA,0
https://www.screener.in/company/PSB/,29.61,405.57,20.68,1.43,1.57,21003.08,5.98,7.03,18.44,70.67,21.32,4.62,1.97,10.78,1015.83,-25.38,SC,PSB,0
https://www.screener.in/company/ANGELONE/consolidated/,2313.7,68.58,17.84,129.81,3.71,20906.89,25.79,27.07,22.61,4.13,19.34,34.17,37.24,0.61,1172.08,-93.45,SC,ANGELONE,0
https://www.screener.in/company/FIVESTAR/,710.55,32.82,19.48,36.43,3.32,20890.06,16.31,18.65,30.46,28.3,27.89,15.53,16.89,1.26,1072.49,-49.08,SC,FIVESTAR,0
https://www.screener.in/company/CESC/consolidated/,157.2,35.31,14.92,10.53,1.72,20827.36,11.6,12.09,10.01,-0.92,7.74,12.37,12.92,1.29,1458,55.43,SC,CESC,0
https://www.screener.in/company/AMBER/consolidated/,6145.35,33.06,93.61,65.88,9.85,20794.95,10.18,6.74,30.29,54.83,88.24,11.07,8.22,0.96,231.76,176.62,SC,AMBER,0
https://www.screener.in/company/KANSAINER/consolidated/,256.25,76.91,33.06,14.23,3.67,20732.71,16.56,12.79,0.13,-3.2,54.75,15.58,11.76,0.05,1121.19,83.74,SC,KANSAINER,0
https://www.screener.in/company/KFINTECH/consolidated/,1197.35,37.08,61.96,19.33,14.64,20609.27,34.21,26.1,30.23,35.19,46.1,28.54,21.95,0.03,332.63,77.2,SC,KFINTECH,0
https://www.screener.in/company/HINDCOPPER/,212.9,209.07,51.19,4.16,8.55,20593.6,17.99,13.53,11.31,32.67,53.98,8.46,6.28,0.04,402.3,48.53,SC,HINDCOPPER,0
https://www.screener.in/company/HATSUN/,914.55,64.62,71.21,12.81,11.81,20323.67,13.27,17.32,8.47,11.34,95.13,14.52,18.03,1.49,285.44,139.68,SC,HATSUN,0
https://www.screener.in/company/AADHARHFC/consolidated/,467.05,10.65,23.22,20.65,3.43,20171.09,11.36,18.41,21.07,22.81,22.55,10.24,15.76,2.49,868.75,-123.44,SC,AADHARHFC,0
https://www.screener.in/company/WELCORP/consolidated/,763.5,17.88,13.58,56.36,3.31,20089.17,20.19,19.8,-14.37,37.27,13.55,17.72,14,0.37,1490.37,66.92,SC,WELCORP,0
https://www.screener.in/company/ATUL/consolidated/,6716,63.42,40.91,164.37,3.53,19795.48,12.72,9.03,18.15,55.78,40.75,15.82,11.34,0.04,498.83,58.37,SC,ATUL,0
https://www.screener.in/company/PFIZER/,4276,50.91,31.84,134.55,5.22,19602.83,21.98,16.1,0.76,21.18,37.34,24.22,18.25,0.01,615.52,31.36,SC,PFIZER,0
https://www.screener.in/company/CASTROLIND/,197.73,43.83,20.72,9.55,8.58,19568.51,55.16,41.83,6.97,7.58,17.65,59.36,44.15,0.04,944.45,76.93,SC,CASTROLIND,0
https://www.screener.in/company/NXST/consolidated/,129.23,20.72,37.99,3.4,1.37,19558.84,8.32,7.45,61.4,14.62,37.56,8.32,,0.37,514.91,92.28,SC,NXST,0
https://www.screener.in/company/MANAPPURAM/consolidated/,230.85,7.26,9.95,23.26,1.56,19548.37,13.75,20.65,21.39,-3.69,7.72,13.67,20.97,3.12,1970.55,-55.72,SC,MANAPPURAM,0
https://www.screener.in/company/ERIS/consolidated/,1433.95,11.15,59.3,24.2,7.04,19528.36,11.27,16.28,47.19,-13.07,25.85,21.05,20.48,0.99,352.33,69.9,SC,ERIS,0
https://www.screener.in/company/CARBORUNIV/consolidated/,1015.5,81.3,43.19,20.94,5.8,19346.73,20.13,15.56,3.78,20.89,47.68,19.45,15.17,0.05,411.17,69.83,SC,CARBORUNIV,0
https://www.screener.in/company/EMCURE/consolidated/,1022,54.6,31.81,32.72,4.7,19330.71,18.62,18.46,11.23,-6.2,48.87,19.68,20.52,0.29,631.25,85.43,SC,EMCURE,0
https://www.screener.in/company/SKFINDIA/,3897,88.61,35.87,108.79,8.4,19296.41,29.15,21.94,10.05,7.62,43.5,27.26,20.54,0,537.84,76.97,SC,SKFINDIA,0
https://www.screener.in/company/CAMS/,3902.4,37.54,44.67,87.69,19.48,19291.67,49.77,40.47,27.92,38.55,45.05,52.46,42.16,0.08,431.9,77.85,SC,CAMS,0
https://www.screener.in/company/REDINGTON/consolidated/,245.45,7.51,15.7,16.18,2.53,19223.48,19.46,16.78,7.4,1.74,10.49,21.43,18.64,0.23,1226.77,47.62,SC,REDINGTON,0
https://www.screener.in/company/SUNDRMFAST/consolidated/,912.3,65.07,35.02,26.09,5.27,19193.89,18.54,16.22,4.31,6.56,43.91,18.07,17,0.23,551.67,62.54,SC,SUNDRMFAST,0
https://www.screener.in/company/SAGILITY/consolidated/,41.01,37.62,84.27,0.53,2.46,19184.46,4.71,3.6,12.69,54.26,81.71,4.66,,0.19,228.27,87.29,SC,SAGILITY,0
https://www.screener.in/company/PTCIL/consolidated/,12740,41.25,371.12,34.65,14.2,19116.43,10.61,8.89,4.81,40.35,244.73,10.63,,0.08,51.17,-111.77,SC,PTCIL,0
https://www.screener.in/company/ABSLAMC/consolidated/,662.55,37.64,20.53,32.26,5.13,19109.6,35.5,26.99,3.01,19.26,19.52,38.6,28.96,0.02,930.6,54.92,SC,ABSLAMC,0
https://www.screener.in/company/BASF/,4386.1,99.49,31.42,141.76,5.41,18968.11,24.99,18.98,12.05,27.6,34.14,21.42,17.93,0.05,613.61,83.73,SC,BASF,0
https://www.screener.in/company/MANYAVAR/,775.35,95.01,46.79,16.57,12.37,18830.73,30.82,26.79,3.08,-0.91,75.84,29.46,25.24,0.3,402.41,67.62,SC,MANYAVAR,0
https://www.screener.in/company/RATNAMANI/consolidated/,2676.15,48.67,35.54,75.47,5.69,18765.99,27.72,21.63,-1.89,-15.13,35.07,23.46,18.73,0.08,531.51,52.8,SC,RATNAMANI,0
https://www.screener.in/company/GRINDWELL/consolidated/,1682.3,75.95,50.48,33.31,9.05,18616.22,24.59,19.01,4.99,-5.34,62.17,24.14,18.52,0.04,371.11,65.14,SC,GRINDWELL,0
https://www.screener.in/company/ONESOURCE/consolidated/,1623.35,10.88,,,,18588.11,-11.81,-45.62,344.12,58.95,,-8.89,,1.51,-391.17,137.1,SC,ONESOURCE,0
https://www.screener.in/company/KEC/consolidated/,698.75,87.94,40.91,17.38,3.68,18586.41,16.05,8.8,9.68,70.02,33.94,17.49,11.83,0.85,454.3,22.1,SC,KEC,0
https://www.screener.in/company/TIMKEN/,2454,96.33,45.95,53.44,7.14,18469.96,23.36,17.56,10.36,13.17,61.58,22.83,17.64,0.01,402,55.55,SC,TIMKEN,0
https://www.screener.in/company/TVSHLTD/consolidated/,9095.6,66.43,15.99,576.33,3.92,18384.84,15.33,30.55,11.79,43.65,18.11,12.74,18.99,6.93,2409.25,51.35,SC,TVSHLTD,0
https://www.screener.in/company/GSPL/consolidated/,320,46.78,13.48,24.21,1.61,18019.26,21.46,16.06,3.4,-14.2,9.77,27.39,23.11,0.01,1948.26,77.89,SC,GSPL,0
https://www.screener.in/company/ARE&M/,971.65,82.78,18.77,56.01,2.46,17790.85,18.74,14.02,12.22,11.26,17.57,19.84,14.72,0.05,1025.12,76.92,SC,ARE&M,0
https://www.screener.in/company/ASAHIINDIA/consolidated/,728.65,14.45,54.64,14.51,7.15,17775.62,14.97,14.74,4.52,1.7,40.93,15.64,15.47,0.94,349.02,86.31,SC,ASAHIINDIA,0
https://www.screener.in/company/FIRSTCRY/consolidated/,337.7,117.43,,,3.71,17568.42,-4,-8.3,15.06,44.07,,-4.13,-5.4,0.33,-196.55,-25.54,SC,FIRSTCRY,0
https://www.screener.in/company/BIRET/consolidated/,289.13,19.32,188.83,1.83,1.22,17561.03,4.8,-0.04,48.76,284.14,70.15,4.15,,0.82,93,107.95,SC,BIRET,0
https://www.screener.in/company/BIKAJI/,701,43.79,62.81,11.16,13.12,17557.89,29.65,24.73,19.12,46.86,74.06,18.72,16.85,0.13,279.53,57.57,SC,BIKAJI,0
https://www.screener.in/company/KARURVYSYA/,217,13.43,9.25,23.42,1.6,17439.06,6.89,17.17,19.92,26.76,9.6,5.72,10.48,8.92,1884.38,44.84,SC,KARURVYSYA,0
https://www.screener.in/company/CHALET/consolidated/,794.85,32.41,171.67,4.87,6.17,17359.66,10.06,16.36,20.74,-58.18,66.08,4.91,4.32,0.74,101.1,114.21,SC,CHALET,0
https://www.screener.in/company/LMW/consolidated/,16221.5,18.36,143.69,113.04,6.29,17351.16,18.08,14.01,-36.78,-69.94,52.7,12.27,9.85,0,120.76,25.47,SC,LMW,0
https://www.screener.in/company/CREDITACC/,1080,66.3,19.57,55.29,2.47,17244.46,14.76,24.77,21.54,-34.51,24.17,11.31,15.44,2.74,881.19,-126.96,SC,CREDITACC,0
https://www.screener.in/company/APLLTD/consolidated/,874.35,49.13,28.97,30.77,3.52,17197.25,13.14,13.34,4.93,0.57,28.04,16.38,15.94,0.22,603.59,83.9,SC,APLLTD,0
https://www.screener.in/company/IEX/,191,66.86,41.08,4.65,15.51,17033.1,53.61,40.53,19.2,27.08,42.96,54.66,40.97,0.01,414.65,74.84,SC,IEX,0
https://www.screener.in/company/DOMS/consolidated/,2780,12.05,84.66,32.8,18.72,16852.36,30.67,26.58,22.98,40.25,77.11,18.57,,0.23,209.19,64.59,SC,DOMS,0
https://www.screener.in/company/VINATIORGA/,1616,47.09,42.74,37.83,6.49,16758.97,18.54,13.83,15.04,21.18,51.52,26.63,19.63,0,392.15,66.28,SC,VINATIORGA,0
https://www.screener.in/company/VENTIVE/,713.5,13.8,101.28,159.25,,16719.03,34.46,65.74,10.95,26.52,4.51,21.59,34.93,1.41,166.32,88.64,SC,VENTIVE,0
https://www.screener.in/company/TRITURBINE/consolidated/,519,70.52,48.63,10.67,15.14,16497.81,38.32,28.53,23,36.55,53.76,28.85,21.84,0.01,340.2,76.96,SC,TRITURBINE,0
https://www.screener.in/company/KPIL/consolidated/,958,51.27,31.89,31.91,3.15,16394.78,15.99,10.37,14.47,18.18,18.33,16.21,10.8,0.94,518.1,44.83,SC,KPIL,0
https://www.screener.in/company/ZENSARTECH/consolidated/,718.5,37.09,25.13,28.61,4,16329.8,22.03,17.03,7.73,-0.41,23.25,20.64,16.12,0.03,649.8,57.84,SC,ZENSARTECH,0
https://www.screener.in/company/SIGNATURE/consolidated/,1157.5,42.29,200.06,5.78,25.55,16247.21,1.94,-7.29,113.61,567.53,636.65,-1.62,,3.62,81.35,145.26,SC,SIGNATURE,0
https://www.screener.in/company/DEEPAKFERT/consolidated/,1278.95,12.85,18.54,69.01,2.85,16148.3,10.72,7.67,3.28,80.51,10.79,15.03,15.28,0.67,886.44,55.25,SC,DEEPAKFERT,0
https://www.screener.in/company/RPOWER/consolidated/,39.99,837.58,,6.04,1.12,16063.87,1.43,-17.52,-0.42,74.76,16.1,4.64,-7.05,1.04,2424.69,208.11,SC,RPOWER,0
https://www.screener.in/company/SARDAEN/consolidated/,452.7,24.93,23.5,19.46,2.69,15973.01,15.28,14.11,5.87,25.37,7.16,17.19,18.19,0.48,689.79,77.7,SC,SARDAEN,0
https://www.screener.in/company/APTUS/consolidated/,318.5,26.12,22.47,14.18,3.97,15916.66,14.68,17.22,27.29,21.45,26.33,14.12,16.12,1.54,708.25,-113.79,SC,APTUS,0
https://www.screener.in/company/WHIRLPOOL/consolidated/,1253.5,122.34,48.18,25.02,4.2,15908.32,9.07,6.36,13.01,63.38,79.28,14.97,10.37,0.01,322.76,107.69,SC,WHIRLPOOL,0
https://www.screener.in/company/JINDALSAW/consolidated/,248.1,54.72,8.56,30.48,1.45,15859.98,21.38,17.73,2.35,31.31,11.23,11.92,8.76,0.51,1851.49,74.22,SC,JINDALSAW,0
https://www.screener.in/company/CONCORDBIO/,1515,75.84,48.28,31.38,9.97,15846.81,27.87,20.89,12.22,9.04,56.04,26.5,20.6,0,328.24,58.75,SC,CONCORDBIO,0
https://www.screener.in/company/VGUARD/,360.55,60.16,60.16,6.01,8.46,15722.94,16.1,13.79,16.26,31.94,56.1,20.79,15.68,0.11,261.33,86.28,SC,VGUARD,0
https://www.screener.in/company/DCMSHRIRAM/consolidated/,997.5,37.45,28.65,34.83,2.34,15559.83,8.99,6.6,3.17,5.27,18.36,17.48,14.69,0.33,543.16,75.76,SC,DCMSHRIRAM,0
https://www.screener.in/company/CENTURYPLY/consolidated/,698.55,34.36,71.63,9.56,6.87,15558.39,18.01,15.76,15.82,-39.84,44.86,21.88,18.15,0.56,211.33,44.65,SC,CENTURYPLY,0
https://www.screener.in/company/ANANTRAJ/consolidated/,451.9,109.76,36.5,12.4,3.73,15530.28,11.17,10.89,38.88,63.12,46.25,5.77,6,0.12,425.82,18.16,SC,ANANTRAJ,0
https://www.screener.in/company/BATAINDIA/consolidated/,1205.8,87.59,43.58,27.11,10.55,15499.13,18.66,19.76,1.13,23,66.78,14.37,11.31,0.98,348.39,52.77,SC,BATAINDIA,0
https://www.screener.in/company/AKZOINDIA/,3401.8,37.4,35.98,94.4,10.87,15468.35,42.29,32.33,2.61,4.02,33.79,30.92,23.69,0.05,429.9,72.63,SC,AKZOINDIA,0
https://www.screener.in/company/NEULANDLAB/consolidated/,12036.9,50.37,64.39,233.72,11.07,15450.63,33.26,26.39,-2.98,-24.32,28.96,16.55,14.27,0.08,299.86,54.92,SC,NEULANDLAB,0
https://www.screener.in/company/JBMA/consolidated/,650.9,86.54,80.44,8.09,12.49,15390.02,14.45,15.92,17.19,26.58,56.11,12.27,13.39,2.14,205.1,33.64,SC,JBMA,0
https://www.screener.in/company/AFCONS/consolidated/,418.45,36.22,33.58,13.2,4.06,15384.53,23.13,14.49,4.99,7.55,35.17,21.54,,0.92,449.76,40.28,SC,AFCONS,0
https://www.screener.in/company/AAVAS/,1940.95,72.08,26.75,72.53,3.53,15360.25,10.1,14.12,16.7,17.06,37.92,9.8,13.83,3.19,574.11,-93.45,SC,AAVAS,0
https://www.screener.in/company/IIFL/consolidated/,359,90.54,14.3,12.84,1.26,15271.25,11.81,17.84,8.84,-40.78,12.08,10.96,17.22,3.31,757.43,-88,SC,IIFL,0
https://www.screener.in/company/CIEINDIA/consolidated/,402.45,56.16,19.17,21.18,2.32,15265.58,16.59,13.15,-4.93,-1.42,23.68,12.8,8.81,0.09,803.44,59.07,SC,CIEINDIA,0
https://www.screener.in/company/KIOCL/,250.65,130.34,,-3.47,8.48,15248.63,-2.18,-4.32,-67.69,-603.78,95.04,7.3,4.71,0.12,-210.63,-454.56,SC,KIOCL,0
https://www.screener.in/company/NATCOPHARM/consolidated/,850.9,92.62,8.18,104.13,2.13,15237,30.1,25.92,11.71,45.85,26.14,15.85,14.24,0.03,1863.7,64.37,SC,NATCOPHARM,0
https://www.screener.in/company/AARTIIND/consolidated/,419.5,152.88,41.69,10.12,2.8,15214.78,7.47,8.22,13.43,-15.9,37.41,13.64,16.11,0.71,367,121.73,SC,AARTIIND,0
https://www.screener.in/company/JWL/,354.8,110.85,39.68,9.08,5.88,15075.46,31.67,27.36,22.89,41.05,39.39,16.95,18,0.16,379.93,-1.24,SC,JWL,0
https://www.screener.in/company/NIVABUPA/,81.4,34.41,182.19,,7.21,14912.24,4.85,5.69,32.55,552.71,,-8.2,,0.12,81.85,730.36,SC,NIVABUPA,0
https://www.screener.in/company/IGIL/,344,86.72,33.84,10.16,6.8,14866.29,43.1,32.49,23.45,33.21,34.45,79.41,49.63,0.01,439.25,62.74,SC,IGIL,0
https://www.screener.in/company/TARIL/consolidated/,494.45,31.5,70.06,7.14,11.86,14838.75,27.97,23.45,56.23,378.72,48.17,15.43,13.02,0.23,216.43,43.62,SC,TARIL,0
https://www.screener.in/company/GODREJAGRO/consolidated/,766,14.6,37.34,21.64,6.22,14728.55,13.71,14.9,-1.45,24.94,30.16,14.04,15.52,0.81,402.75,84.99,SC,GODREJAGRO,0
https://www.screener.in/company/BLUEDART/consolidated/,6166.75,56.32,53.26,115.92,10.27,14647.1,19.22,22.74,8.99,-6.02,51.12,21.43,29.29,0.77,275.05,95.32,SC,BLUEDART,0
https://www.screener.in/company/BLS/consolidated/,354.9,47.17,32.17,11.02,10.24,14598.91,31.02,31.09,16.12,59.83,37.44,23.35,24.69,0.27,479.87,89.68,SC,BLS,0
https://www.screener.in/company/EIDPARRY/consolidated/,818.55,21.87,17.94,45.74,1.96,14569.38,20.29,13.53,-1.18,-5.38,10.83,22.61,14.94,0.23,1527.4,68.82,SC,EIDPARRY,0
https://www.screener.in/company/SAILIFE/consolidated/,697.15,16.02,175.52,,,14533.15,10.57,8.89,20.38,710.97,,6.54,,0.95,82.81,83.2,SC,SAILIFE,0
https://www.screener.in/company/IRCON/consolidated/,152.75,130.21,18.83,8.12,2.32,14364.55,18.15,16.37,-10.64,-18.79,10.6,14.63,13.34,0.55,762.71,-5.31,SC,IRCON,0
https://www.screener.in/company/JUBLPHARMA/consolidated/,897.3,45.98,42.83,39.37,2.41,14267.67,6.74,0.76,6.67,810.2,15.86,9.25,7.12,0.52,623.2,97.76,SC,JUBLPHARMA,0
https://www.screener.in/company/CAPLIPOINT/consolidated/,1867.3,41.43,27.58,67.81,5.59,14201.65,26.46,24.23,15.83,17.91,19.68,28.28,25.8,0,517.03,51.58,SC,CAPLIPOINT,0
https://www.screener.in/company/SOBHA/consolidated/,1318.45,65.22,231.43,5.69,4.02,14087.25,7.12,1.97,0.48,-32.86,66.02,11.78,5.3,0.44,60.87,162.79,SC,SOBHA,0
https://www.screener.in/company/ELGIEQUIP/consolidated/,443.45,80.18,43.4,10.24,8.15,14079.19,22.28,20.62,6.15,-20.05,60.8,17.29,17.33,0.3,324.38,52.86,SC,ELGIEQUIP,0
https://www.screener.in/company/ANANDRATHI/consolidated/,1690,37.46,46.89,36.12,20.81,14059,56.26,45.33,24.91,33.28,39.38,46.6,40.55,0.12,300.79,55.24,SC,ANANDRATHI,0
https://www.screener.in/company/NEWGEN/,987.65,82.14,47.69,20.9,11.45,13983.56,26.58,22.72,22.45,37.47,26.98,24.08,20.16,0.03,293.19,84.67,SC,NEWGEN,0
https://www.screener.in/company/RAINBOW/consolidated/,1374,24.43,58.59,23.45,10.38,13949.09,19.08,18.23,16.82,8.39,53.29,18.58,19.88,0.57,238.74,69.6,SC,RAINBOW,0
https://www.screener.in/company/ACE/consolidated/,1171.1,44.74,35.85,32.67,10.08,13948.13,42.3,30.58,18.95,40.54,31.65,25.37,20.67,0.08,389.13,90.14,SC,ACE,0
https://www.screener.in/company/INDIAMART/consolidated/,2304.35,115.94,25.12,91.73,6.33,13832.91,35.7,28.09,16.01,64.49,53.57,27.87,20.51,0.02,550.7,83.53,SC,INDIAMART,0
https://www.screener.in/company/DATAPATTNS/,2487.25,46.95,77.28,31.94,10.31,13819.22,19.71,14.26,-5.39,7.76,67.68,26.39,16.67,0,178.83,53.16,SC,DATAPATTNS,0
https://www.screener.in/company/SCHNEIDER/,577.45,69.71,67.97,9.06,34.56,13814.9,37.02,126.24,17.53,-6.6,76.09,18.57,,1.29,216.56,62.94,SC,SCHNEIDER,0
https://www.screener.in/company/JYOTHYLAB/consolidated/,373.85,59.38,36.86,10.14,7.28,13717.42,26.99,21.21,4.65,6.31,34.02,18.15,15.36,0.03,372.26,88.64,SC,JYOTHYLAB,0
https://www.screener.in/company/SANOFI/,5943,27.88,30.93,179.78,15.88,13677.89,49.16,47.15,0.86,-24.94,21.17,40.15,31.94,0.02,413.5,91.01,SC,SANOFI,0
https://www.screener.in/company/PCBL/consolidated/,358.8,62.9,31.12,11.51,3.66,13536.02,11.86,12.53,30.91,-11.36,12.4,15.71,15.73,1.51,434.67,54.94,SC,PCBL,0
https://www.screener.in/company/KIRLOSBROS/consolidated/,1702.15,57.72,31.05,54.18,7.3,13504.61,27.3,21.68,13.65,49.29,22.11,17.49,15.11,0.09,433.6,65.85,SC,KIRLOSBROS,0
https://www.screener.in/company/TRIDENT/consolidated/,26.5,167.55,45.92,0.58,3.15,13465.44,10.43,8.16,1.57,-30.19,33.53,13.21,12.7,0.38,296.32,28.87,SC,TRIDENT,0
https://www.screener.in/company/CEATLTD/consolidated/,3315,8.04,27.2,116.85,3.07,13404.83,15.04,11.72,10.67,-27.36,18.92,13.08,10.9,0.49,471.37,73.2,SC,CEATLTD,0
https://www.screener.in/company/HBLENGINE/consolidated/,481.45,53.63,40.5,11.31,9.72,13349.61,35.94,27.73,3.74,39.11,45.15,14.69,12.01,0.05,312.94,59.49,SC,HBLENGINE,0
https://www.screener.in/company/NCC/consolidated/,212,71.93,16.11,12.83,1.94,13298.69,22.1,11.41,16.8,22.88,14.21,15.48,8.19,0.25,841.92,71.65,SC,NCC,0
https://www.screener.in/company/FINCABLES/,868.85,95.66,24.66,35.23,3.05,13284.34,18.68,14.2,5.95,-3.79,23.53,17.49,13.49,0,538.76,73.39,SC,FINCABLES,0
https://www.screener.in/company/CGCL/consolidated/,160.95,79.81,34.64,4.65,3.31,13281.05,9.5,7.54,38.72,46.48,60.37,10.18,9.05,3.19,383.37,-286.7,SC,CGCL,0
https://www.screener.in/company/MGL/,1344.1,47.95,12.55,107.08,2.4,13279.72,36.6,27.79,5.37,-18.19,12.87,29.95,23.12,0.03,1057.69,77.46,SC,MGL,0
https://www.screener.in/company/ALIVUS/,1081.8,23.41,30.03,36.05,5.22,13267.62,28.11,21.09,-3.97,-14.95,14.98,76.64,30.87,0.01,441.7,60.19,SC,ALIVUS,0
https://www.screener.in/company/INDGN/consolidated/,549.55,34.04,32.44,16.95,5.05,13190.82,24.22,20.11,9.64,21.42,37.65,37.49,27.81,0.04,406.7,68.89,SC,INDGN,0
https://www.screener.in/company/CUB/,178,40.08,12.09,14.72,1.48,13185.89,6.57,12.81,10.75,11.39,13.47,6.2,11.89,6.75,1090.49,9.8,SC,CUB,0
https://www.screener.in/company/NAVA/consolidated/,454.85,48.16,12.38,36.64,1.79,13179.12,16.27,17.85,3.01,16.9,5.16,14.6,15.31,0.09,1386.24,170.84,SC,NAVA,0
https://www.screener.in/company/CYIENT/consolidated/,1184.2,107.65,21.37,55.45,2.47,13154.17,16.66,12.87,2.98,-15.38,24.3,18.8,15.65,0.1,648.3,63.96,SC,CYIENT,0
https://www.screener.in/company/MAHSCOOTER/,11477.7,11.93,76.54,187.56,0.42,13134.68,0.59,0.59,-17.61,-13.9,37.24,0.67,0.69,0,214.35,91.43,SC,MAHSCOOTER,0
https://www.screener.in/company/VTL/consolidated/,454,30.45,15.51,29.27,1.39,13134.18,8.73,7.09,2.15,43.55,14.29,12.2,10.93,0.1,850.97,-79.07,SC,VTL,0
https://www.screener.in/company/UTIAMC/,1018.3,38.26,19.94,51.07,3.45,13032.06,23.71,17.5,8.37,8.69,22.55,19.55,15.03,0,653.52,53.83,SC,UTIAMC,0
https://www.screener.in/company/BEML/consolidated/,3127.65,75.5,49.76,62.93,4.82,13027.18,15.25,11.05,-1.15,43.3,48.47,8.23,5.93,0.24,261.77,94.1,SC,BEML,0
https://www.screener.in/company/BBTC/consolidated/,1864.4,59.57,11.56,157.39,2.55,12990,28.31,16.33,5.19,72.27,16.35,21.29,-6.49,0.58,2163.31,61.57,SC,BBTC,0
https://www.screener.in/company/GRAVITA/consolidated/,1749.05,54.37,45.11,40.73,13.92,12908.41,27.86,33.68,21.3,22.28,19.4,25.96,34.46,0.6,287.4,11.62,SC,GRAVITA,0
https://www.screener.in/company/ZENTEC/consolidated/,1418.65,85.24,60.3,24.64,8.2,12813.83,45.97,33.01,100.34,91.83,81,21.1,17.98,0.04,223.17,6.86,SC,ZENTEC,0
https://www.screener.in/company/KAJARIACER/consolidated/,803.7,96.43,36.12,22.24,4.75,12797.58,21.15,16.85,3.41,-17.78,49.45,20.8,16.9,0.1,361.11,81.64,SC,KAJARIACER,0
https://www.screener.in/company/KSB/consolidated/,732.65,44.68,50.12,14.62,8.58,12755.25,23.82,17.72,12.27,19.82,38.77,21.75,16.01,0,254.5,48.35,SC,KSB,0
https://www.screener.in/company/HOMEFIRST/,1230.25,12.44,35.06,40.5,4.82,12650.07,11.25,15.52,35.81,26.05,31.16,10.05,12.8,3.87,360.85,-208.57,SC,HOMEFIRST,0
https://www.screener.in/company/ACMESOLAR/consolidated/,209.15,39.8,102.82,66.85,6.47,12644.1,8.41,5.48,1.88,434.71,18.05,7.59,,5.46,698.23,115.62,SC,ACMESOLAR,0
https://www.screener.in/company/SWANENERGY/consolidated/,402.05,101.42,16.19,25.51,1.95,12610.15,8.25,7.01,20.38,178.86,59.62,2.62,0.33,0.36,952.34,2.73,SC,SWANENERGY,0
https://www.screener.in/company/FINEORG/,4078.8,79.68,30.82,132.23,6.12,12506.33,29.04,21.74,0.87,1.13,44.15,36.11,29.59,0,405.43,109.7,SC,FINEORG,0
https://www.screener.in/company/CLEAN/consolidated/,1170,131.2,47.72,24.52,9.58,12436.93,29.57,22.05,19.17,2.48,61.57,48.06,32.55,0,260.59,63.44,SC,CLEAN,0
https://www.screener.in/company/GESHIP/consolidated/,869.9,77.46,5.22,202.16,0.92,12402.79,18.51,21.01,7.35,5.16,6.57,12.02,14.97,0.21,2886.25,81.51,SC,GESHIP,0
https://www.screener.in/company/TEJASNET/consolidated/,702.3,112.89,27.73,25.32,3.22,12383.98,15.46,12.77,261.13,609,74.44,2.6,3.84,0.89,446.53,-37.71,SC,TEJASNET,0
https://www.screener.in/company/TECHNOE/consolidated/,1063.1,71.66,38.51,32.67,3.53,12361.55,16.53,13.12,37.56,61.63,19.24,13.61,11.81,0,365.84,-57.28,SC,TECHNOE,0
https://www.screener.in/company/WELSPUNLIV/consolidated/,127.15,67.6,19.36,6.72,2.71,12349.9,16.1,15.62,13.14,-3.42,20.24,12.76,13.5,0.69,641.77,35.2,SC,WELSPUNLIV,0
https://www.screener.in/company/BLUEJET/,711.75,36.11,52.49,13.53,13.36,12323.03,29.97,22.43,17.26,29.18,46.28,43.91,,0,234.76,93.48,SC,BLUEJET,0
https://www.screener.in/company/INDIGRID/consolidated/,147.24,4.59,32.78,4.78,2.18,12288.87,7.08,4.56,27.12,-4.51,27.12,7.91,7.65,3.65,386.11,106.38,SC,INDIGRID,0
https://www.screener.in/company/CHOICEIN/consolidated/,613,4.08,78.17,7.84,11.91,12236.89,21.57,18.87,20.43,19.62,44.8,17.84,17.39,0.45,162.72,-99.52,SC,CHOICEIN,0
https://www.screener.in/company/ELECON/consolidated/,545.1,35.59,29.47,18.5,6.12,12235.32,28.54,23.04,14.94,17.66,24.11,22.67,19.25,0.09,415.1,70.78,SC,ELECON,0
https://www.screener.in/company/ECLERX/consolidated/,2496,55.33,23.61,105.96,5.97,12231.32,31.76,25.41,13.39,0.68,18.94,29.49,23.69,0.14,518.63,63.47,SC,ECLERX,0
https://www.screener.in/company/SPLPETRO/,650,42.55,31.28,20.77,5.48,12215.06,23.94,18.38,14.66,20.37,17.12,44.33,29.29,0.06,390.52,56.39,SC,SPLPETRO,0
https://www.screener.in/company/RBLBANK/,200.3,257.74,17.52,11.44,0.79,12183.86,6.05,4.6,13.27,-40.43,13.33,5.5,4.77,8.08,695.37,-10.21,SC,RBLBANK,0
https://www.screener.in/company/GPIL/consolidated/,181.1,40.03,15.03,11.97,2.67,12149.81,29.19,21.89,3.73,-8.46,6.47,32.04,29.16,0.01,810.17,72.75,SC,GPIL,0
https://www.screener.in/company/CELLO/consolidated/,548.3,86.94,35.69,15.68,6.07,12114.38,36.28,44.21,11.33,23.46,55.39,45.86,,0.02,364.52,43.58,SC,CELLO,0
https://www.screener.in/company/TBOTEK/consolidated/,1110.6,80.17,56.34,20.22,11.21,12062.97,42.93,46.05,27.22,14.6,83.99,31.25,31.84,0.2,217.39,79.25,SC,TBOTEK,0
https://www.screener.in/company/LTFOODS/consolidated/,345,30.9,20.19,17.09,3.28,11981.92,21.09,19.32,13.42,3.63,9.89,15.87,16.86,0.33,601.52,73.16,SC,LTFOODS,0
https://www.screener.in/company/id/1285444/,,,,,,11955.66,-68.98,-152.89,-1.52,-2.36,,-63.67,,0.88,-1059.7,41.19,SC,id,0
https://www.screener.in/company/EMBDL/consolidated/,97.65,707.47,,-5.3,1.37,11946.26,-10.94,-15.02,86.2,36.38,66.82,0.09,-4.97,0.08,-283.86,26.16,SC,EMBDL,0
https://www.screener.in/company/AVANTIFEED/consolidated/,868.4,15.16,24.6,35.31,4.7,11834.22,20.01,15.09,6.42,37.51,20.69,22.31,16.57,0.01,512.46,46.52,SC,AVANTIFEED,0
https://www.screener.in/company/SONATSOFTW/consolidated/,421.55,106.38,27.66,15.24,7.88,11824.45,35.51,30.34,16.76,-0.87,27.31,41.76,34.65,0.42,427.49,32.87,SC,SONATSOFTW,0
https://www.screener.in/company/RRKABEL/,1044.7,82.19,45.4,23.05,5.89,11814.53,21.71,20.75,12.54,-8.09,63.01,17.05,22.94,0.24,260.25,65.28,SC,RRKABEL,0
https://www.screener.in/company/INGERRAND/,3742.2,33.61,44.79,83.55,18.48,11812.28,51.35,38.4,9.42,16.89,45.21,35.74,27.26,0.01,263.74,65.1,SC,INGERRAND,0
https://www.screener.in/company/PARADEEP/consolidated/,143.7,6.82,28.38,5.07,3.11,11729.57,6.74,3.28,-3.14,367.54,24.16,11.38,10.79,1.16,413.26,193.97,SC,PARADEEP,0
https://www.screener.in/company/FORCEMOT/consolidated/,8890,15.61,21.4,607.71,3.86,11703.31,29.8,20.68,15.44,40.62,25.94,9.94,7.58,0.01,800.86,84.49,SC,FORCEMOT,0
https://www.screener.in/company/IWEL/consolidated/,9682.5,44.59,116.16,77.87,3.91,11683.55,4.15,-4.66,99.33,164.37,179.69,-5.61,,0.5,288.4,-113.57,SC,IWEL,0
https://www.screener.in/company/MINDACORP/consolidated/,486,34.34,42.43,11.46,5.52,11628.48,15.2,12.79,9.74,-1.55,33.13,9.29,8.7,0.25,274.09,53.91,SC,MINDACORP,0
https://www.screener.in/company/AGARWALEYE/consolidated/,365.8,26.85,168.9,,,11547.18,11.2,6.94,30.86,-24.75,,10.03,,0.72,95.05,89.49,SC,AGARWALEYE,0
https://www.screener.in/company/HFCL/consolidated/,79.31,115.61,31.25,2.56,2.73,11436.2,13.26,9.34,0.39,25.5,30.97,17.68,11.63,0.29,365.92,-6.57,SC,HFCL,0
https://www.screener.in/company/IFCI/consolidated/,42.25,186.86,96.38,0.39,1.88,11370.5,10.24,2.48,15.22,146.22,86.42,2.53,-19.1,0.86,245.51,0.85,SC,IFCI,0
https://www.screener.in/company/NUVOCO/consolidated/,318.2,81.62,,-1.21,1.28,11368.21,5.42,1.61,-4.48,-106.64,87.48,5.03,2.2,0.55,-43.35,96.5,SC,NUVOCO,0
https://www.screener.in/company/SANOFICONR/,4937,11.38,56.45,78.59,41.64,11367.68,111.44,83.81,30.45,21.14,56.5,111.44,,0.07,181,154.8,SC,SANOFICONR,0
https://www.screener.in/company/ZYDUSWELL/consolidated/,1760.5,41.1,35.18,51.12,2.03,11260.86,5.33,5.32,14.18,12.99,36.69,6.04,5.98,0.03,325.3,77,SC,ZYDUSWELL,0
https://www.screener.in/company/BALRAMCHIN/consolidated/,549.75,26.03,26.99,20.38,3.12,11099.59,13.46,13.77,-5.4,-29.78,17.8,14.47,16.05,0.17,411.19,20.88,SC,BALRAMCHIN,0
https://www.screener.in/company/TTML/,56.87,411.78,,-6.52,,11098.66,51.07,,9.77,-3.15,,83.68,,,-1275.32,86.1,SC,TTML,0
https://www.screener.in/company/SBFC/,101.8,7.96,32.03,3.18,3.46,11054.38,11.53,11.57,28.08,45.56,36.99,9.74,9.7,1.65,345.17,-158.21,SC,SBFC,0
https://www.screener.in/company/CRAFTSMAN/consolidated/,4618,54.21,56.12,83.08,3.96,11013.8,19.99,20.02,16.64,-38.63,34.02,17.03,15.91,0.7,204.64,57.3,SC,CRAFTSMAN,0
https://www.screener.in/company/GRANULES/consolidated/,452.9,59.98,22.93,19.77,3.21,10987.22,15.4,13.43,-1.46,21.21,18.2,18.96,18.67,0.32,479.13,50.93,SC,GRANULES,0
https://www.screener.in/company/INTELLECT/consolidated/,784.95,52.75,40.32,19.64,4.24,10892.28,20.32,14.66,-4.8,-20.3,32.69,17.5,15.02,0.03,271.38,67.93,SC,INTELLECT,0
https://www.screener.in/company/JAIBALAJI/consolidated/,119.3,120.28,14.39,8.69,5.64,10870.96,62.33,87.32,5,27.28,16.11,18.06,,0.22,755.38,73.37,SC,JAIBALAJI,0
https://www.screener.in/company/KIRLOSENG/consolidated/,748,93.85,22.94,34.93,3.73,10852.87,14.97,17.7,11.21,20.13,17.18,12.66,12.45,1.86,496.07,-44.92,SC,KIRLOSENG,0
https://www.screener.in/company/BSOFT/consolidated/,390,120.99,18.87,20.81,3.32,10842.67,29.76,22.48,5.42,3.4,25.82,22.3,16.91,0.04,574.74,77.13,SC,BSOFT,0
https://www.screener.in/company/LEMONTREE/consolidated/,136.92,18.61,60.54,2.26,10.67,10831.09,11.36,16.31,24.2,42.59,74.81,5.37,1.09,2.23,219,86.69,SC,LEMONTREE,0
https://www.screener.in/company/FINPIPE/consolidated/,174.5,103.95,22.67,12.9,1.6,10821.81,10.91,8.14,-0.41,0.44,23.05,19.47,13.75,0.05,800.32,47.63,SC,FINPIPE,0
https://www.screener.in/company/RITES/consolidated/,225.1,83.51,28.59,7.87,4.19,10811.38,25.36,17.47,-10.05,-18.02,15.38,28,20.23,0,419,57.37,SC,RITES,0
https://www.screener.in/company/RKFORGE/consolidated/,595.15,78.79,28.32,25.66,3.66,10781.54,18.71,17.02,11.74,22.49,34.16,12.54,13.78,0.5,464.13,71.4,SC,RKFORGE,0
https://www.screener.in/company/AETHER/,805.8,50.26,88.63,8.31,4.9,10677.65,7.82,5.93,3.68,-6.89,92.9,24.19,15.24,0.08,110.21,-1.12,SC,AETHER,0
https://www.screener.in/company/GALLANTT/,437.75,12.94,27.9,15.74,4.03,10596.74,11.96,9.63,6.15,91.95,14.52,10.1,8.45,0.16,379.82,75.7,SC,GALLANTT,0
https://www.screener.in/company/J&KBANK/consolidated/,94.37,111.41,4.87,19.37,0.75,10379.05,5.9,16.03,13.16,32.47,5.21,4.54,6.64,10.39,2133.32,-9.9,SC,J&KBANK,0
https://www.screener.in/company/NSLNISP/,35.27,108.96,,,,10350.82,-8.69,-9.59,524.18,-294.75,,-104.34,,0.45,-2761.23,207.47,SC,NSLNISP,0
https://www.screener.in/company/WESTLIFE/consolidated/,662,54.83,908.38,0.73,17.36,10337.36,11.47,12.8,2.7,-87.15,165.94,7.33,4.2,2.48,11.38,85.84,SC,WESTLIFE,0
https://www.screener.in/company/VIJAYA/consolidated/,1001.8,27.45,72.47,13.84,14.19,10284.63,19.51,17.83,29.16,24.08,52.95,23.37,21.28,0.4,142.62,81.79,SC,VIJAYA,0
https://www.screener.in/company/JUBLINGREA/consolidated/,643.75,37.48,49.7,12.96,3.64,10256.07,9.97,6.93,-0.13,0.2,30.44,15.74,,0.26,206.37,92.91,SC,JUBLINGREA,0
https://www.screener.in/company/ZEEL/consolidated/,106.32,482.53,17.24,5.25,0.91,10214.17,6.26,2.09,-3.49,172.32,26.86,11.5,5.52,0.03,504.45,71.38,SC,ZEEL,0
https://www.screener.in/company/AZAD/consolidated/,1581.8,31.5,133.24,13.02,13.69,10213.28,19.89,12.12,27.14,31.09,99.75,19.18,,0.24,76.65,-5.01,SC,AZAD,0
https://www.screener.in/company/RELAXO/,410.05,253.13,58.04,7.05,5.07,10184.51,13.86,10.49,-3.07,-13.28,103.29,18.63,13.79,0.11,175.5,53.4,SC,RELAXO,0
https://www.screener.in/company/SAPPHIRE/consolidated/,316.1,26.86,412.77,0.62,7.45,10158.91,7.27,4.04,11.07,-86.73,64.7,4.93,4.08,0.88,16.72,90.58,SC,SAPPHIRE,0
https://www.screener.in/company/SAREGAMA/consolidated/,525.2,31.17,51.24,10.26,6.52,10142.29,19.6,14.19,60.51,5.77,40.63,22.01,15.15,0,198.28,29.8,SC,SAREGAMA,0
https://www.screener.in/company/SAMMAANCAP/consolidated/,122,952.11,,-23.13,0.46,10132,10.08,6.56,6.05,-256.5,8.74,9.81,8.26,2.3,-1812.09,-1.75,SC,SAMMAANCAP,0
https://www.screener.in/company/RAYMOND/consolidated/,1515.2,57.12,31.7,1160.33,2.81,10093.65,30.93,44.5,2.85,-25.5,13.49,14.11,19.37,0.26,7727.96,20.79,SC,RAYMOND,0
https://www.screener.in/company/SHAKTIPUMP/consolidated/,840.65,66.3,26.03,32.26,10.73,10092.83,31.4,24.15,160.58,614.39,26.75,18.39,15.06,0.17,387.77,23.81,SC,SHAKTIPUMP,0
https://www.screener.in/company/RELINFRA/consolidated/,254.55,937.52,610.82,8.33,0.8,10083.52,7.38,-11.6,12.2,101.84,1.97,10.26,0,0.53,817.84,123.46,SC,RELINFRA,0
https://www.screener.in/company/TITAGARH/consolidated/,746,154.28,34.47,21.49,4.26,10044.7,24.97,18.13,3.69,14.14,46.72,11.64,7.36,0.21,289.42,17.54,SC,TITAGARH,0
https://www.screener.in/company/GRINFRA/consolidated/,1039.15,119.12,10.67,120.4,1.26,10017.15,16.89,15.58,-15.09,-19.01,12.66,21.02,22.24,0.54,1165.32,-71.77,SC,GRINFRA,0
https://www.screener.in/company/WAAREERTL/,960.05,216.42,43.07,22.01,21.92,10016.19,84.91,64.95,84.17,56.32,48.54,68.97,66.26,0.06,229.49,92.73,SC,WAAREERTL,0
https://www.screener.in/company/ENGINERSIN/consolidated/,177.65,71.12,24.06,7.39,4.2,10000.38,22.21,20.8,-14.1,-20.09,21.4,24.92,16.42,0.01,415.48,43.61,SC,ENGINERSIN,0
https://www.screener.in/company/JPPOWER/consolidated/,14.54,890.37,6.43,1.82,0.83,9964.93,13.97,12.84,-14.96,217.67,22.77,6.36,0.19,0.33,1246.67,73.43,SC,JPPOWER,0
https://www.screener.in/company/MARKSANS/consolidated/,219,63.79,26.99,8.13,4.35,9922.93,20.61,16.46,17.64,15.95,14.06,25.58,19.4,0.09,369.53,45.28,SC,MARKSANS,0
https://www.screener.in/company/MAPMYINDIA/consolidated/,1794.9,53.09,71.54,25.18,13.42,9759.07,26.15,20.59,23.66,10.18,70.18,20.13,19.73,0.05,136.78,42.15,SC,MAPMYINDIA,0
https://www.screener.in/company/SAFARI/consolidated/,1995.85,42.15,65.68,30.4,10.94,9746.55,31.02,27.96,15.34,-13.06,64.54,18.08,19.46,0.18,148.4,74.83,SC,SAFARI,0
https://www.screener.in/company/JMFINANCIL/consolidated/,101.63,88.53,17.79,4.01,1.11,9712.34,10.13,0.78,6.65,-18.61,12.61,10.25,7.29,1.6,-135.53,129.17,SC,JMFINANCIL,0
https://www.screener.in/company/GMDCLTD/consolidated/,304.05,66.42,14.5,20.97,1.56,9661.08,13.78,10.37,5.81,-21.77,9.7,13.75,11.66,0,666.7,12.08,SC,GMDCLTD,0
https://www.screener.in/company/INDIACEM/consolidated/,310.4,24.19,,-4.64,0.95,9636.03,-4.22,-7.15,-18.85,-106.41,46.58,0.2,-2.81,0.11,-143.68,147.49,SC,INDIACEM,0
https://www.screener.in/company/RAILTEL/,298.95,106.72,34.4,8.22,5.08,9605.49,20.25,15.24,23.4,14.4,27.38,16.72,12.54,0.03,263.89,107.29,SC,RAILTEL,0
https://www.screener.in/company/EUREKAFORB/,496,30.73,67.34,6.92,2.23,9597,3.46,2.45,10.83,54.95,100.01,-11.16,1.26,0.02,133.9,97.82,SC,EUREKAFORB,0
https://www.screener.in/company/JLHL/,1459.2,21.3,52.66,27.97,7.2,9570.29,22.16,17.77,17.26,31.14,56.28,18.62,19.43,0,183.41,43.4,SC,JLHL,0
https://www.screener.in/company/CANFINHOME/,715.55,33.01,11.13,64.37,1.88,9533.9,9.34,18.22,10.07,14.19,14.91,8.54,18.27,6.92,857.17,26.08,SC,CANFINHOME,0
https://www.screener.in/company/OLECTRA/consolidated/,1159.1,91.7,72.26,16.03,9.69,9508.82,14.79,8.77,32.27,46,143.54,8.02,4.74,0.19,133.42,77.08,SC,OLECTRA,0
https://www.screener.in/company/ARVIND/consolidated/,362.9,24.11,31.53,11.52,2.7,9507.62,13.08,9.73,8.47,-6.06,17.36,10.33,7.06,0.44,317.16,75.74,SC,ARVIND,0
https://www.screener.in/company/ANURAS/consolidated/,860.4,45.25,118.59,7.26,3.4,9450.24,8.89,4.91,-13.82,-48.38,64.42,10.29,7.41,0.48,137.52,14.56,SC,ANURAS,0
https://www.screener.in/company/MEDPLUS/consolidated/,788.95,70.23,71.42,11.07,5.77,9449.58,6.66,4.1,13.54,125.86,123.28,8.77,5.21,0.63,132.48,36.85,SC,MEDPLUS,0
https://www.screener.in/company/DBREALTY/consolidated/,174.45,209.6,,-2.41,1.92,9413.32,22.26,34.7,132.78,-110.46,9.84,1.39,-4.44,0.4,-129.82,16.89,SC,DBREALTY,0
https://www.screener.in/company/VESUVIUS/,4623,29.79,37.07,130.33,6.56,9388.98,25.47,19.3,16.56,18.97,34.81,17.53,13.95,0.01,264.52,67.32,SC,VESUVIUS,0
https://www.screener.in/company/INDIASHLTR/,866.75,5.73,26.95,32.31,3.75,9346.84,12.23,13.96,40.39,56.22,23.1,11.12,11.77,1.61,346.88,-199.59,SC,INDIASHLTR,0
https://www.screener.in/company/AMIORG/consolidated/,1136,16.37,76.53,15.16,7.74,9307.14,15.99,9.37,36.01,70.48,54.9,23.93,16.77,0.01,123.37,92.19,SC,AMIORG,0
https://www.screener.in/company/PRUDENT/consolidated/,2230,67.76,49.04,45.52,16.26,9243.3,43.29,33.4,42.82,39.19,40.02,44.26,35.88,0.05,188.48,70.29,SC,PRUDENT,0
https://www.screener.in/company/PVRINOX/consolidated/,941.75,135.18,,-28.95,1.3,9232.66,4.69,-0.71,-3.46,-22.73,182.05,2.08,-9.91,1.17,-285.3,101.67,SC,PVRINOX,0
https://www.screener.in/company/BECTORFOOD/consolidated/,1485,48.15,64.01,23.72,8.17,9127.22,25.35,23.22,17.3,6.09,50.69,18.69,17.36,0.13,142.58,58.65,SC,BECTORFOOD,0
https://www.screener.in/company/RHIM/consolidated/,441.1,102.48,43.95,-4.43,2.33,9111.85,8.58,9.58,-0.34,51.62,35.37,22.83,15.1,0.12,-91.57,47.93,SC,RHIM,0
https://www.screener.in/company/GANESHHOUC/consolidated/,1086.5,36.68,16.6,65.47,5.23,9060.85,45.01,41.58,23.99,40.95,20.97,14.76,10.64,0.02,545.96,101.13,SC,GANESHHOUC,0
https://www.screener.in/company/CHENNPETRO/consolidated/,608.4,109.57,42.3,14.38,1.1,9056.12,4.3,2.51,-10.1,-92.2,4.18,23.96,32.82,0.38,214.09,122.99,SC,CHENNPETRO,0
https://www.screener.in/company/JKLAKSHMI/consolidated/,768.35,30.14,33.5,23.18,2.78,9044.57,17.04,15.39,-11.56,-35.57,17.35,17.27,16.83,0.7,270.88,80.87,SC,JKLAKSHMI,0
https://www.screener.in/company/HEG/consolidated/,466.3,112.52,40.66,11.48,2.02,9009.98,8.54,7.14,-12.19,-41.44,17.11,6.99,6.21,0.13,221.63,101.28,SC,HEG,0
https://www.screener.in/company/TEGA/consolidated/,1345.9,73.04,47.73,28.21,7.16,8959.21,19.2,17.28,16.45,3.34,34.47,19.54,19.24,0.23,187.7,73.5,SC,TEGA,0
https://www.screener.in/company/INOXINDIA/consolidated/,986.3,52.81,44.98,22.54,11.93,8957.87,43.06,32.71,11.08,9.11,55.12,35.63,30.69,0.13,204.6,44.6,SC,INOXINDIA,0
https://www.screener.in/company/TRIVENI/consolidated/,409.55,30.88,41.58,10.11,3.11,8956.36,14.77,14.21,-2.52,-49.25,16.4,18.17,20.96,0.19,212.18,14.55,SC,TRIVENI,0
https://www.screener.in/company/GRAPHITE/consolidated/,451.8,149.45,20.75,21.91,1.51,8838.6,1.44,0.95,-14.15,811.82,27.19,4.8,3.26,0.04,425,422.6,SC,GRAPHITE,0
https://www.screener.in/company/USHAMART/consolidated/,289.2,55.95,21.4,13.54,3.42,8807.15,22.08,19.21,4.79,-2.66,17.87,19.09,20.09,0.18,411.74,68.18,SC,USHAMART,0
https://www.screener.in/company/HAPPSTMNDS/consolidated/,578,173.49,41.2,14.62,5.77,8793.98,21.57,20.56,21.96,-8.5,54.89,31.99,30.41,0.82,222.63,50.46,SC,HAPPSTMNDS,0
https://www.screener.in/company/NAZARA/consolidated/,1002.65,67.36,122.95,10.53,4.54,8786.15,5.53,3.42,17.96,7.37,104.08,3.64,2.79,0.06,53.72,53.47,SC,NAZARA,0
https://www.screener.in/company/METROPOLIS/consolidated/,1705.9,109.85,57.42,29.71,7.39,8741.64,15.79,12.2,13.6,22.02,60.75,27.65,20.7,0.16,152.81,89.19,SC,METROPOLIS,0
https://www.screener.in/company/MAHSEAMLES/consolidated/,651.2,68.77,11.58,56.26,1.47,8723.61,22.92,18.12,-12.99,-31.71,9.44,15.08,14.1,0,753.34,77.63,SC,MAHSEAMLES,0
https://www.screener.in/company/ALKYLAMINE/,1704,178.7,48.82,34.92,6.65,8716.59,16.46,12.29,3.07,12.23,59.49,34.82,25.35,0,178.54,103.01,SC,ALKYLAMINE,0
https://www.screener.in/company/STARCEMENT/consolidated/,216,18.52,65.35,3.3,3.18,8715.62,16.48,11.54,7.03,-56.06,21.04,15.22,12.32,0.14,133.38,83.87,SC,STARCEMENT,0
https://www.screener.in/company/GENUSPOWER/,284.6,70.78,43.33,6.59,5.24,8674.97,9.76,5.92,96.03,255.87,67.81,9.27,5.72,0.71,200.21,-80.54,SC,GENUSPOWER,0
https://www.screener.in/company/ABDL/,307.1,44.89,71.87,4.28,5.99,8595.36,15.76,1.93,1.06,1136.61,179.36,12.63,2.03,0.5,119.58,74.45,SC,ABDL,0
https://www.screener.in/company/JKTYRE/consolidated/,310.2,78.71,14.08,21.41,1.81,8511.17,19.31,20.62,-2.03,-16.13,14.22,11.98,12.89,1.11,582.31,75.6,SC,JKTYRE,0
https://www.screener.in/company/GARFIBRES/consolidated/,857.25,15.06,37,22.99,7.58,8509.56,23.07,18.52,13.4,15.98,37.02,22.87,18.68,0.13,230.02,69.45,SC,GARFIBRES,0
https://www.screener.in/company/PRAJIND/consolidated/,460.9,89.85,42.47,11.91,6.13,8479.45,19.15,15.03,-6.87,-27.29,41.81,23.47,18.3,0.14,218.93,11.44,SC,PRAJIND,0
https://www.screener.in/company/PGHL/,5082,47.58,34.3,142.52,13.82,8420.15,44.97,33.46,-6.26,8.29,39.03,37.39,26.66,0.01,236.57,70.86,SC,PGHL,0
https://www.screener.in/company/TTKPRESTIG/consolidated/,606.65,109.28,40.42,15.28,4.51,8398.33,14.55,11.19,0.8,-8.02,45.67,19.44,14.85,0.09,207.81,76.01,SC,TTKPRESTIG,0
https://www.screener.in/company/MMTC/consolidated/,55.97,3290.6,52.56,1.03,4.88,8396.96,9.23,9.97,-99.57,68.2,55.89,9.53,,0.09,154.18,-218.93,SC,MMTC,0
https://www.screener.in/company/ITDCEM/consolidated/,486.95,42.61,24.01,20.3,5.12,8372.71,27.08,19.76,25.15,57.18,25.15,17.01,9.53,0.6,348.97,87.71,SC,ITDCEM,0
https://www.screener.in/company/SFL/consolidated/,730.15,177.68,93.06,12.81,2.64,7924.2,7.97,6.09,56.7,17.83,13.66,0.48,7.62,1.04,139.67,106.57,SC,SFL,0
https://www.screener.in/company/CERA/,5590,105.72,30.86,181.41,5.94,7277.21,24.62,19.05,41.9,21.49,16.96,0.05,6.85,15.82,235.94,64.28,SC,CERA,0
https://www.screener.in/company/TANLA/consolidated/,486.8,330.72,12.55,38.67,3.13,6540.56,38.28,31.71,25.33,32.45,29.72,0.03,31.37,86.79,520.17,75.86,SC,TANLA,0
https://www.screener.in/company/ROUTE/consolidated/,1030.3,131.87,18.84,55.71,2.76,6486.59,20.72,18.22,35.05,24.44,18.9,0.24,36.64,45.48,368.82,-17.61,SC,ROUTE,0
https://www.screener.in/company/UJJIVANSFB/,32.2,95.65,6.37,5.01,1.12,6224.23,11.09,26.66,8.79,7.78,14.35,5.99,25.39,44.96,972.36,38.88,SC,UJJIVANSFB,0
https://www.screener.in/company/RAJESHEXPO/consolidated/,177.25,480.93,136.48,1.3,0.33,5224.15,3.23,2.24,17.04,8.52,7.92,0.05,9.81,-23.66,38.28,55.42,SC,RAJESHEXPO,0
https://www.screener.in/company/INDIGOPNTS/,1083.5,209,36.77,29.51,5.44,5165.56,23.18,17.52,54.1,23.83,17.92,0.02,18.56,40.36,140.56,61.95,SC,INDIGOPNTS,0
https://www.screener.in/company/SIS/consolidated/,322.45,117.83,20.81,15.5,1.78,4651.97,10.34,7.9,19.37,16.35,17.44,0.64,11.57,-2.64,223.48,67.68,SC,SIS,0
https://www.screener.in/company/VIPIND/consolidated/,324.95,138.38,,-4.6,7.14,4607.81,8.48,5.25,70.88,13.19,10.62,1.28,4.7,-24.93,-65.31,-63.51,SC,VIPIND,0
https://www.screener.in/company/JCHAC/,1636.2,112.96,83.92,18.97,7.54,4439.24,-7.35,-7.81,122.89,1.6,0.46,0.07,-3.06,,51.57,2587.89,SC,JCHAC,0
https://www.screener.in/company/MASFIN/consolidated/,238.55,77.46,14.58,16.79,1.79,4333.98,11.7,15.21,22.21,12.04,14.53,3.38,16.26,10.15,300.67,-137.49,SC,MASFIN,0
https://www.screener.in/company/EASEMYTRIP/,12.02,205.74,26.89,0.24,6.04,4256.51,43.36,31.9,57,57.31,41.13,0,36.64,48.95,86.03,47.72,SC,EASEMYTRIP,0
https://www.screener.in/company/LUXIND/consolidated/,1375.95,237.51,24.16,57.45,2.52,4136.06,10.98,8.22,24.45,25.2,19,0.15,14,4.66,171.63,112.93,SC,LUXIND,0
https://www.screener.in/company/VAIBHAVGBL/consolidated/,240.9,339.06,28.04,8.47,3.09,4006.89,14.05,10.76,38.45,22.42,18.15,0.19,10.89,-2.58,140.1,93.8,SC,VAIBHAVGBL,0
https://www.screener.in/company/GREENPANEL/,300.95,107.91,50.81,5.91,2.72,3688.66,12.8,10.69,26.9,17.12,15.48,0.24,21.69,24.96,72.52,50.26,SC,GREENPANEL,0
https://www.screener.in/company/TEAMLEASE/consolidated/,1967.5,182.08,33.09,60.4,3.9,3302.31,13.06,13.04,50.68,14.55,12.47,0.15,15.95,1.33,100.72,68.31,SC,TEAMLEASE,0
https://www.screener.in/company/LAOPALA/,222.95,118.43,26.13,8.52,3.04,2470.78,18.69,15.29,36.24,17.5,13.66,0.01,5.6,11.96,94.55,38.81,SC,LAOPALA,0
https://www.screener.in/company/HATHWAY/consolidated/,13.98,451.65,26.49,0.52,0.57,2467.62,2.29,1.58,25.13,3.92,2.76,0,4.92,-19.96,92.31,-90.75,SC,HATHWAY,0
https://www.screener.in/company/SHALBY/consolidated/,201.7,68.32,69.59,3.13,2.18,2180.17,10.97,8.16,30.87,9.04,6.27,0.46,15.1,19.99,30.15,10.37,SC,SHALBY,0
https://www.screener.in/company/REPCOHOME/,341.15,170.85,4.94,69.14,0.69,2133.64,10.53,14.59,6.73,9.55,13.42,3.71,5.1,10.96,432.57,-49.3,SC,REPCOHOME,0
https://www.screener.in/company/DEN/consolidated/,34.13,650.07,7.65,4.55,0.46,1626.38,7.3,6.42,11.5,3.63,3.86,0.01,-2.17,33.19,213.92,23.32,SC,DEN,0
https://www.screener.in/company/SATIN/consolidated/,146.95,356.85,5.57,26.47,0.63,1622.73,16.63,21.65,5.59,10.88,7.61,3.3,9.14,16.74,292.45,-137.29,SC,SATIN,0
https://www.screener.in/company/ATULAUTO/consolidated/,472.05,78.88,75.47,7.14,3.05,1307.67,4.19,1.67,109.41,4.38,1.85,0.29,-4.59,-34.91,17.33,-1.92,SC,ATULAUTO,0
https://www.screener.in/company/SURYODAY/,118.95,149.14,6.01,19.73,0.71,1260.62,8.49,12.74,10.44,6.82,4.56,5.66,24.55,19.02,209.59,96.83,SC,SURYODAY,0
https://www.screener.in/company/5PAISA/,367.9,106.33,18.76,19.61,2,1148.55,12.89,10.29,39.09,9.46,8.32,0.29,45.42,36.5,61.22,-85.27,SC,5PAISA,0
https://www.screener.in/company/VALIANTORG/consolidated/,275.15,623.61,,-10.2,1.06,761.26,1.07,-0.91,20.45,21.02,16.03,0.28,0.88,,-27.82,184.05,SC,VALIANTORG,0
https://www.screener.in/company/ASIANTILES/consolidated/,46.25,744.91,382.7,0.49,0.53,677.37,1.23,-0.91,24.18,5.57,1.8,0.17,5.22,,-1.35,-125.63,SC,ASIANTILES,0
https://www.screener.in/company/COFFEEDAY/consolidated/,21.38,1653.51,11.85,-15.51,0.16,449.64,1.4,3.36,7.1,-1.36,-4.97,0.49,-22.44,13.55,-325.45,94.69,SC,COFFEEDAY,0
